I,II,III,aVR,aVL,aVF,V1,V2,V3,V4,V5,V6
-0.075,-0.077,-0.001,,,,,,,,,
-0.061,-0.087,-0.025,,,,,,,,,
-0.068,-0.083,-0.016,,,,,,,,,
-0.053,-0.083,-0.029,,,,,,,,,
-0.045,-0.076,-0.031,,,,,,,,,
-0.044,-0.075,-0.03,,,,,,,,,
-0.045,-0.072,-0.026,,,,,,,,,
-0.042,-0.067,-0.025,,,,,,,,,
-0.04,-0.065,-0.024,,,,,,,,,
-0.043,-0.063,-0.019,,,,,,,,,
-0.038,-0.058,-0.02,,,,,,,,,
-0.038,-0.055,-0.017,,,,,,,,,
-0.038,-0.053,-0.014,,,,,,,,,
-0.037,-0.049,-0.012,,,,,,,,,
-0.04,-0.05,-0.009,,,,,,,,,
-0.04,-0.049,-0.009,,,,,,,,,
-0.045,-0.05,-0.004,,,,,,,,,
-0.044,-0.049,-0.005,,,,,,,,,
-0.042,-0.05,-0.007,,,,,,,,,
-0.031,-0.049,-0.018,,,,,,,,,
-0.027,-0.05,-0.022,,,,,,,,,
-0.029,-0.049,-0.02,,,,,,,,,
-0.03,-0.05,-0.019,,,,,,,,,
-0.029,-0.049,-0.019,,,,,,,,,
-0.036,-0.05,-0.014,,,,,,,,,
-0.033,-0.049,-0.015,,,,,,,,,
-0.036,-0.051,-0.014,,,,,,,,,
-0.036,-0.047,-0.011,,,,,,,,,
-0.053,-0.062,-0.009,,,,,,,,,
-0.072,-0.082,-0.01,,,,,,,,,
-0.054,-0.063,-0.009,,,,,,,,,
-0.039,-0.049,-0.01,,,,,,,,,
-0.022,-0.032,-0.009,,,,,,,,,
-0.032,-0.042,-0.009,,,,,,,,,
-0.044,-0.048,-0.004,,,,,,,,,
-0.031,-0.037,-0.005,,,,,,,,,
-0.052,-0.056,-0.004,,,,,,,,,
-0.062,-0.068,-0.005,,,,,,,,,
-0.059,-0.063,-0.004,,,,,,,,,
-0.059,-0.065,-0.006,,,,,,,,,
-0.062,-0.064,-0.002,,,,,,,,,
-0.069,-0.062,0.007,,,,,,,,,
-0.076,-0.058,0.017,,,,,,,,,
-0.082,-0.06,0.021,,,,,,,,,
-0.102,-0.06,0.043,,,,,,,,,
-0.114,-0.058,0.056,,,,,,,,,
-0.053,-0.038,0.014,,,,,,,,,
0.018,-0.02,-0.038,,,,,,,,,
0.092,0.019,-0.073,,,,,,,,,
0.328,0.12,-0.207,,,,,,,,,
0.63,0.307,-0.322,,,,,,,,,
0.921,0.443,-0.478,,,,,,,,,
1.186,0.393,-0.793,,,,,,,,,
1.223,0.344,-0.878,,,,,,,,,
0.852,0.348,-0.504,,,,,,,,,
0.304,0.324,0.019,,,,,,,,,
0.035,0.247,0.212,,,,,,,,,
-0.126,0.119,0.246,,,,,,,,,
-0.196,0.052,0.248,,,,,,,,,
-0.186,0.05,0.236,,,,,,,,,
-0.185,0.034,0.22,,,,,,,,,
-0.145,0.027,0.173,,,,,,,,,
-0.114,0.008,0.123,,,,,,,,,
-0.101,-0.007,0.093,,,,,,,,,
-0.099,-0.024,0.075,,,,,,,,,
-0.098,-0.037,0.061,,,,,,,,,
-0.078,-0.035,0.042,,,,,,,,,
-0.1,-0.07,0.029,,,,,,,,,
-0.079,-0.07,0.008,,,,,,,,,
-0.087,-0.069,0.017,,,,,,,,,
-0.127,-0.07,0.056,,,,,,,,,
-0.122,-0.067,0.055,,,,,,,,,
-0.117,-0.063,0.053,,,,,,,,,
-0.116,-0.065,0.05,,,,,,,,,
-0.112,-0.064,0.048,,,,,,,,,
-0.106,-0.061,0.044,,,,,,,,,
-0.1,-0.058,0.042,,,,,,,,,
-0.101,-0.061,0.039,,,,,,,,,
-0.095,-0.058,0.036,,,,,,,,,
-0.131,-0.096,0.034,,,,,,,,,
-0.13,-0.098,0.031,,,,,,,,,
-0.106,-0.077,0.029,,,,,,,,,
-0.093,-0.058,0.034,,,,,,,,,
-0.079,-0.044,0.034,,,,,,,,,
-0.103,-0.068,0.035,,,,,,,,,
-0.098,-0.064,0.034,,,,,,,,,
-0.101,-0.066,0.035,,,,,,,,,
-0.119,-0.084,0.034,,,,,,,,,
-0.112,-0.073,0.038,,,,,,,,,
-0.107,-0.06,0.046,,,,,,,,,
-0.101,-0.046,0.055,,,,,,,,,
-0.096,-0.036,0.06,,,,,,,,,
-0.09,-0.035,0.055,,,,,,,,,
-0.089,-0.034,0.054,,,,,,,,,
-0.085,-0.029,0.054,,,,,,,,,
-0.085,-0.03,0.055,,,,,,,,,
-0.082,-0.027,0.054,,,,,,,,,
-0.079,-0.023,0.055,,,,,,,,,
-0.08,-0.025,0.054,,,,,,,,,
-0.078,-0.022,0.055,,,,,,,,,
-0.074,-0.019,0.054,,,,,,,,,
-0.075,-0.02,0.055,,,,,,,,,
-0.069,-0.015,0.054,,,,,,,,,
-0.07,-0.015,0.055,,,,,,,,,
-0.067,-0.012,0.054,,,,,,,,,
-0.09,-0.034,0.055,,,,,,,,,
-0.118,-0.055,0.062,,,,,,,,,
-0.117,-0.045,0.07,,,,,,,,,
-0.112,-0.046,0.066,,,,,,,,,
-0.107,-0.042,0.064,,,,,,,,,
-0.104,-0.039,0.064,,,,,,,,,
-0.1,-0.034,0.065,,,,,,,,,
-0.074,-0.032,0.042,,,,,,,,,
-0.015,-0.007,0.007,,,,,,,,,
0.028,0.015,-0.013,,,,,,,,,
0.034,0.003,-0.03,,,,,,,,,
0.018,-0.026,-0.045,,,,,,,,,
0.021,-0.041,-0.063,,,,,,,,,
0.025,-0.037,-0.063,,,,,,,,,
0.013,-0.031,-0.045,,,,,,,,,
0.003,-0.027,-0.03,,,,,,,,,
-0.005,-0.021,-0.016,,,,,,,,,
-0.016,-0.016,0.0,,,,,,,,,
-0.03,-0.01,0.02,,,,,,,,,
-0.03,-0.004,0.025,,,,,,,,,
-0.025,-0.014,0.01,,,,,,,,,
-0.028,-0.029,0.0,,,,,,,,,
-0.024,-0.04,-0.015,,,,,,,,,
-0.032,-0.055,-0.023,,,,,,,,,
-0.015,-0.04,-0.025,,,,,,,,,
-0.043,-0.067,-0.024,,,,,,,,,
-0.045,-0.07,-0.025,,,,,,,,,
-0.04,-0.065,-0.024,,,,,,,,,
-0.038,-0.063,-0.025,,,,,,,,,
-0.03,-0.06,-0.03,,,,,,,,,
-0.028,-0.058,-0.029,,,,,,,,,
-0.025,-0.055,-0.03,,,,,,,,,
-0.023,-0.053,-0.029,,,,,,,,,
-0.019,-0.05,-0.03,,,,,,,,,
-0.021,-0.049,-0.028,,,,,,,,,
-0.029,-0.05,-0.02,,,,,,,,,
-0.032,-0.049,-0.017,,,,,,,,,
-0.037,-0.05,-0.013,,,,,,,,,
-0.042,-0.049,-0.006,,,,,,,,,
-0.048,-0.05,-0.001,,,,,,,,,
-0.048,-0.049,0.0,,,,,,,,,
-0.034,-0.05,-0.015,,,,,,,,,
-0.017,-0.049,-0.031,,,,,,,,,
-0.022,-0.05,-0.028,,,,,,,,,
-0.032,-0.049,-0.016,,,,,,,,,
-0.038,-0.049,-0.01,,,,,,,,,
-0.042,-0.044,-0.001,,,,,,,,,
-0.049,-0.044,0.005,,,,,,,,,
-0.053,-0.038,0.014,,,,,,,,,
-0.054,-0.041,0.012,,,,,,,,,
-0.044,-0.034,0.01,,,,,,,,,
-0.043,-0.036,0.007,,,,,,,,,
-0.036,-0.031,0.004,,,,,,,,,
-0.035,-0.031,0.004,,,,,,,,,
-0.026,-0.027,0.0,,,,,,,,,
-0.024,-0.025,0.0,,,,,,,,,
-0.018,-0.024,-0.005,,,,,,,,,
-0.017,-0.021,-0.004,,,,,,,,,
-0.009,-0.018,-0.008,,,,,,,,,
-0.011,-0.02,-0.009,,,,,,,,,
-0.031,-0.045,-0.013,,,,,,,,,
0.013,-0.012,-0.026,,,,,,,,,
0.037,0.025,-0.011,,,,,,,,,
0.006,0.0,-0.007,,,,,,,,,
-0.039,-0.035,0.003,,,,,,,,,
-0.079,-0.063,0.016,,,,,,,,,
-0.083,-0.041,0.042,,,,,,,,,
-0.065,-0.018,0.047,,,,,,,,,
0.003,0.005,0.001,,,,,,,,,
0.075,0.02,-0.055,,,,,,,,,
0.222,0.089,-0.133,,,,,,,,,
0.436,0.24,-0.196,,,,,,,,,
0.738,0.455,-0.282,,,,,,,,,
1.077,0.499,-0.577,,,,,,,,,
1.239,0.39,-0.848,,,,,,,,,
1.065,0.328,-0.737,,,,,,,,,
0.551,0.26,-0.291,,,,,,,,,
0.165,0.166,0.0,,,,,,,,,
0.021,0.103,0.081,,,,,,,,,
-0.114,0.114,0.228,,,,,,,,,
-0.124,0.106,0.23,,,,,,,,,
-0.062,0.112,0.174,,,,,,,,,
-0.036,0.086,0.122,,,,,,,,,
-0.046,0.06,0.107,,,,,,,,,
-0.065,0.025,0.09,,,,,,,,,
-0.073,-0.002,0.071,,,,,,,,,
-0.067,-0.013,0.053,,,,,,,,,
-0.058,-0.02,0.038,,,,,,,,,
-0.049,-0.025,0.023,,,,,,,,,
-0.064,-0.031,0.032,,,,,,,,,
-0.069,-0.039,0.028,,,,,,,,,
-0.077,-0.046,0.03,,,,,,,,,
-0.076,-0.047,0.029,,,,,,,,,
-0.087,-0.057,0.03,,,,,,,,,
-0.064,-0.04,0.024,,,,,,,,,
-0.09,-0.064,0.025,,,,,,,,,
-0.104,-0.08,0.024,,,,,,,,,
-0.093,-0.067,0.025,,,,,,,,,
-0.089,-0.068,0.021,,,,,,,,,
-0.083,-0.062,0.02,,,,,,,,,
-0.082,-0.063,0.019,,,,,,,,,
-0.076,-0.055,0.02,,,,,,,,,
-0.072,-0.054,0.017,,,,,,,,,
-0.082,-0.048,0.034,,,,,,,,,
-0.091,-0.049,0.041,,,,,,,,,
-0.077,-0.038,0.039,,,,,,,,,
-0.076,-0.036,0.04,,,,,,,,,
-0.067,-0.028,0.039,,,,,,,,,
-0.065,-0.025,0.04,,,,,,,,,
-0.056,-0.017,0.039,,,,,,,,,
-0.069,-0.014,0.055,,,,,,,,,
-0.06,-0.006,0.053,,,,,,,,,
-0.042,0.0,0.042,,,,,,,,,
-0.04,-0.003,0.036,,,,,,,,,
-0.034,-0.005,0.028,,,,,,,,,
-0.061,-0.003,0.058,,,,,,,,,
-0.073,0.01,0.084,,,,,,,,,
-0.072,0.005,0.078,,,,,,,,,
-0.086,-0.005,0.081,,,,,,,,,
-0.083,-0.006,0.077,,,,,,,,,
-0.068,0.006,0.075,,,,,,,,,
-0.063,0.011,0.074,,,,,,,,,
-0.051,0.023,0.075,,,,,,,,,
-0.053,0.017,0.071,,,,,,,,,
-0.037,0.031,0.069,,,,,,,,,
-0.015,0.055,0.07,,,,,,,,,
-0.028,0.038,0.066,,,,,,,,,
-0.026,0.037,0.064,,,,,,,,,
-0.035,0.029,0.065,,,,,,,,,
-0.04,0.023,0.065,,,,,,,,,
-0.06,0.014,0.075,,,,,,,,,
-0.055,0.012,0.068,,,,,,,,,
-0.053,0.003,0.056,,,,,,,,,
-0.049,-0.003,0.046,,,,,,,,,
-0.045,-0.012,0.033,,,,,,,,,
-0.031,-0.028,0.003,,,,,,,,,
0.024,0.0,-0.023,,,,,,,,,
0.039,-0.003,-0.042,,,,,,,,,
0.016,-0.025,-0.041,,,,,,,,,
0.002,-0.037,-0.039,,,,,,,,,
-0.018,-0.054,-0.036,,,,,,,,,
-0.011,-0.046,-0.034,,,,,,,,,
-0.013,-0.044,-0.031,,,,,,,,,
-0.009,-0.038,-0.028,,,,,,,,,
-0.009,-0.034,-0.025,,,,,,,,,
-0.003,-0.026,-0.023,,,,,,,,,
-0.007,-0.026,-0.02,,,,,,,,,
-0.027,-0.046,-0.018,,,,,,,,,
-0.056,-0.07,-0.015,,,,,,,,,
-0.089,-0.102,-0.013,,,,,,,,,
-0.09,-0.099,-0.009,,,,,,,,,
-0.089,-0.099,-0.009,,,,,,,,,
-0.079,-0.1,-0.02,,,,,,,,,
-0.076,-0.099,-0.022,,,,,,,,,
-0.081,-0.1,-0.018,,,,,,,,,
-0.078,-0.099,-0.02,,,,,,,,,
-0.081,-0.1,-0.019,,,,,,,,,
-0.078,-0.099,-0.02,,,,,,,,,
-0.081,-0.1,-0.019,,,,,,,,,
-0.078,-0.099,-0.02,,,,,,,,,
-0.084,-0.099,-0.015,,,,,,,,,
-0.068,-0.083,-0.015,,,,,,,,,
-0.058,-0.073,-0.014,,,,,,,,,
-0.04,-0.055,-0.015,,,,,,,,,
-0.039,-0.054,-0.014,,,,,,,,,
-0.041,-0.057,-0.015,,,,,,,,,
-0.039,-0.054,-0.014,,,,,,,,,
-0.039,-0.05,-0.011,,,,,,,,,
-0.04,-0.05,-0.009,,,,,,,,,
-0.037,-0.048,-0.01,,,,,,,,,
-0.034,-0.044,-0.009,,,,,,,,,
-0.034,-0.045,-0.01,,,,,,,,,
-0.032,-0.04,-0.007,,,,,,,,,
-0.034,-0.039,-0.005,,,,,,,,,
-0.03,-0.034,-0.004,,,,,,,,,
-0.03,-0.035,-0.005,,,,,,,,,
-0.027,-0.031,-0.004,,,,,,,,,
-0.024,-0.029,-0.005,,,,,,,,,
-0.024,-0.031,-0.007,,,,,,,,,
-0.045,-0.057,-0.011,,,,,,,,,
-0.052,-0.06,-0.008,,,,,,,,,
-0.045,-0.059,-0.014,,,,,,,,,
-0.047,-0.061,-0.014,,,,,,,,,
-0.048,-0.065,-0.016,,,,,,,,,
-0.054,-0.064,-0.01,,,,,,,,,
-0.063,-0.064,0.0,,,,,,,,,
-0.068,-0.059,0.01,,,,,,,,,
-0.045,-0.06,-0.015,,,,,,,,,
-0.04,-0.059,-0.018,,,,,,,,,
-0.082,-0.061,0.021,,,,,,,,,
-0.1,-0.058,0.041,,,,,,,,,
-0.103,-0.062,0.04,,,,,,,,,
-0.111,-0.076,0.034,,,,,,,,,
-0.087,-0.054,0.032,,,,,,,,,
-0.05,-0.027,0.022,,,,,,,,,
0.01,0.001,-0.009,,,,,,,,,
0.118,0.042,-0.075,,,,,,,,,
0.269,0.112,-0.157,,,,,,,,,
0.565,0.323,-0.241,,,,,,,,,
0.848,0.464,-0.383,,,,,,,,,
1.1,0.39,-0.709,,,,,,,,,
1.192,0.307,-0.884,,,,,,,,,
0.869,0.249,-0.619,,,,,,,,,
0.35,0.189,-0.161,,,,,,,,,
0.081,0.11,0.028,,,,,,,,,
0.006,0.108,0.102,,,,,,,,,
-0.159,0.09,0.25,,,,,,,,,
-0.133,0.087,0.221,,,,,,,,,
-0.104,0.06,0.165,,,,,,,,,
-0.115,0.023,0.139,,,,,,,,,
-0.102,0.004,0.107,,,,,,,,,
-0.103,-0.013,0.09,,,,,,,,,
-0.102,-0.031,0.071,,,,,,,,,
-0.109,-0.057,0.051,,,,,,,,,
-0.111,-0.072,0.039,,,,,,,,,
-0.108,-0.068,0.04,,,,,,,,,
-0.111,-0.071,0.039,,,,,,,,,
-0.107,-0.067,0.04,,,,,,,,,
-0.095,-0.055,0.039,,,,,,,,,
-0.125,-0.084,0.04,,,,,,,,,
-0.138,-0.099,0.039,,,,,,,,,
-0.124,-0.084,0.04,,,,,,,,,
-0.12,-0.08,0.039,,,,,,,,,
-0.112,-0.072,0.04,,,,,,,,,
-0.111,-0.071,0.039,,,,,,,,,
-0.107,-0.067,0.04,,,,,,,,,
-0.106,-0.066,0.04,,,,,,,,,
-0.103,-0.064,0.039,,,,,,,,,
-0.106,-0.062,0.043,,,,,,,,,
-0.104,-0.058,0.045,,,,,,,,,
-0.105,-0.06,0.044,,,,,,,,,
-0.098,-0.053,0.044,,,,,,,,,
-0.1,-0.055,0.045,,,,,,,,,
-0.091,-0.048,0.043,,,,,,,,,
-0.105,-0.051,0.053,,,,,,,,,
-0.107,-0.044,0.063,,,,,,,,,
-0.104,-0.046,0.058,,,,,,,,,
-0.105,-0.043,0.061,,,,,,,,,
-0.105,-0.046,0.058,,,,,,,,,
-0.104,-0.043,0.061,,,,,,,,,
-0.119,-0.061,0.057,,,,,,,,,
-0.104,-0.049,0.056,,,,,,,,,
-0.091,-0.037,0.053,,,,,,,,,
-0.077,-0.021,0.056,,,,,,,,,
-0.068,-0.015,0.053,,,,,,,,,
-0.071,-0.014,0.057,,,,,,,,,
-0.068,-0.016,0.051,,,,,,,,,
-0.095,-0.03,0.064,,,,,,,,,
-0.111,-0.028,0.083,,,,,,,,,
-0.093,-0.015,0.078,,,,,,,,,
-0.108,-0.03,0.076,,,,,,,,,
-0.115,-0.041,0.074,,,,,,,,,
-0.097,-0.023,0.073,,,,,,,,,
-0.081,-0.012,0.069,,,,,,,,,
-0.067,0.003,0.07,,,,,,,,,
-0.056,0.008,0.065,,,,,,,,,
-0.054,0.01,0.065,,,,,,,,,
-0.051,0.009,0.06,,,,,,,,,
-0.049,0.011,0.06,,,,,,,,,
-0.049,0.008,0.058,,,,,,,,,
-0.041,0.012,0.053,,,,,,,,,
-0.049,0.006,0.056,,,,,,,,,
-0.008,0.022,0.031,,,,,,,,,
0.038,0.043,0.005,,,,,,,,,
0.024,0.016,-0.008,,,,,,,,,
0.026,0.0,-0.025,,,,,,,,,
0.018,-0.022,-0.041,,,,,,,,,
0.021,-0.013,-0.035,,,,,,,,,
0.018,-0.006,-0.025,,,,,,,,,
0.02,0.002,-0.018,,,,,,,,,
0.02,0.01,-0.009,,,,,,,,,
0.025,0.023,-0.002,,,,,,,,,
0.025,0.031,0.006,,,,,,,,,
0.011,0.025,0.014,,,,,,,,,
-0.008,0.003,0.013,,,,,,,,,
-0.021,-0.011,0.009,,,,,,,,,
-0.041,-0.033,0.007,,,,,,,,,
-0.041,-0.038,0.004,,,,,,,,,
-0.047,-0.045,0.002,,,,,,,,,
-0.04,-0.042,0.0,,,,,,,,,
-0.038,-0.04,-0.002,,,,,,,,,
-0.03,-0.036,-0.006,,,,,,,,,
-0.027,-0.035,-0.008,,,,,,,,,
-0.019,-0.031,-0.011,,,,,,,,,
-0.016,-0.03,-0.014,,,,,,,,,
-0.008,-0.025,-0.016,,,,,,,,,
-0.005,-0.025,-0.019,,,,,,,,,
0.0,-0.02,-0.021,,,,,,,,,
-0.004,-0.019,-0.015,,,,,,,,,
-0.004,-0.014,-0.009,,,,,,,,,
-0.008,-0.014,-0.006,,,,,,,,,
-0.007,-0.009,-0.002,,,,,,,,,
-0.014,-0.009,0.004,,,,,,,,,
-0.024,-0.016,0.008,,,,,,,,,
-0.039,-0.03,0.009,,,,,,,,,
-0.019,-0.017,0.001,,,,,,,,,
-0.047,-0.014,0.033,,,,,,,,,
-0.037,-0.001,0.035,,,,,,,,,
-0.06,-0.025,0.035,,,,,,,,,
-0.082,-0.048,0.032,,,,,,,,,
-0.073,-0.043,0.03,,,,,,,,,
-0.069,-0.039,0.029,,,,,,,,,
-0.061,-0.035,0.026,,,,,,,,,
-0.058,-0.034,0.024,,,,,,,,,
-0.056,-0.03,0.025,,,,,,,,,
-0.046,-0.025,0.02,,,,,,,,,
-0.043,-0.022,0.02,,,,,,,,,
-0.037,-0.019,0.017,,,,,,,,,
-0.032,-0.017,0.015,,,,,,,,,
-0.021,-0.006,0.014,,,,,,,,,
-0.021,-0.005,0.014,,,,,,,,,
-0.02,-0.012,0.008,,,,,,,,,
-0.028,-0.021,0.006,,,,,,,,,
-0.028,-0.027,0.0,,,,,,,,,
-0.03,-0.03,-0.001,,,,,,,,,
-0.024,-0.032,-0.007,,,,,,,,,
-0.028,-0.037,-0.008,,,,,,,,,
-0.036,-0.026,0.009,,,,,,,,,
-0.104,-0.05,0.054,,,,,,,,,
-0.116,-0.035,0.08,,,,,,,,,
-0.073,-0.009,0.063,,,,,,,,,
0.018,0.017,0.0,,,,,,,,,
0.105,0.046,-0.058,,,,,,,,,
0.259,0.106,-0.152,,,,,,,,,
0.544,0.304,-0.239,,,,,,,,,
0.845,0.479,-0.366,,,,,,,,,
1.168,0.466,-0.701,,,,,,,,,
1.256,0.348,-0.908,,,,,,,,,
0.947,0.265,-0.681,,,,,,,,,
0.378,0.166,-0.211,,,,,,,,,
0.035,0.063,0.027,,,,,,,,,
-0.045,0.072,0.117,,,,,,,,,
-0.154,0.064,0.219,,,,,,,,,
-0.165,0.062,0.228,,,,,,,,,
-0.111,0.057,0.168,,,,,,,,,
-0.082,0.051,0.134,,,,,,,,,
-0.064,0.046,0.111,,,,,,,,,
-0.059,0.042,0.101,,,,,,,,,
-0.069,0.02,0.089,,,,,,,,,
-0.083,0.008,0.091,,,,,,,,,
-0.098,-0.014,0.084,,,,,,,,,
-0.094,-0.008,0.085,,,,,,,,,
-0.083,-0.009,0.074,,,,,,,,,
-0.092,-0.028,0.063,,,,,,,,,
-0.083,-0.033,0.049,,,,,,,,,
-0.067,-0.027,0.04,,,,,,,,,
-0.061,-0.026,0.034,,,,,,,,,
-0.052,-0.017,0.035,,,,,,,,,
-0.073,-0.038,0.034,,,,,,,,,
-0.073,-0.037,0.035,,,,,,,,,
-0.118,-0.083,0.034,,,,,,,,,
-0.119,-0.084,0.035,,,,,,,,,
-0.094,-0.06,0.034,,,,,,,,,
-0.083,-0.047,0.035,,,,,,,,,
-0.071,-0.037,0.034,,,,,,,,,
-0.112,-0.077,0.035,,,,,,,,,
-0.097,-0.062,0.034,,,,,,,,,
-0.089,-0.054,0.035,,,,,,,,,
-0.067,-0.033,0.034,,,,,,,,,
-0.078,-0.041,0.036,,,,,,,,,
-0.094,-0.052,0.041,,,,,,,,,
-0.084,-0.041,0.043,,,,,,,,,
-0.093,-0.039,0.054,,,,,,,,,
-0.106,-0.031,0.075,,,,,,,,,
-0.102,-0.028,0.073,,,,,,,,,
-0.096,-0.02,0.075,,,,,,,,,
-0.091,-0.017,0.074,,,,,,,,,
-0.089,-0.014,0.075,,,,,,,,,
-0.086,-0.012,0.074,,,,,,,,,
-0.084,-0.008,0.075,,,,,,,,,
-0.085,-0.007,0.078,,,,,,,,,
-0.084,-0.003,0.081,,,,,,,,,
-0.081,-0.002,0.079,,,,,,,,,
-0.078,0.002,0.08,,,,,,,,,
-0.076,0.002,0.079,,,,,,,,,
-0.072,0.008,0.08,,,,,,,,,
-0.073,0.005,0.079,,,,,,,,,
-0.05,0.026,0.076,,,,,,,,,
-0.016,0.057,0.073,,,,,,,,,
-0.036,0.034,0.071,,,,,,,,,
-0.04,0.027,0.067,,,,,,,,,
-0.056,0.009,0.066,,,,,,,,,
-0.046,0.016,0.062,,,,,,,,,
-0.046,0.014,0.06,,,,,,,,,
-0.035,0.021,0.057,,,,,,,,,
-0.036,0.019,0.055,,,,,,,,,
-0.024,0.027,0.051,,,,,,,,,
-0.029,0.021,0.05,,,,,,,,,
0.006,0.049,0.043,,,,,,,,,
0.025,0.055,0.03,,,,,,,,,
0.025,0.043,0.018,,,,,,,,,
0.033,0.04,0.007,,,,,,,,,
0.045,0.034,-0.01,,,,,,,,,
0.055,0.025,-0.03,,,,,,,,,
0.072,0.02,-0.051,,,,,,,,,
0.07,0.002,-0.067,,,,,,,,,
0.031,-0.025,-0.056,,,,,,,,,
0.006,-0.042,-0.048,,,,,,,,,
0.004,-0.036,-0.041,,,,,,,,,
-0.002,-0.032,-0.03,,,,,,,,,
-0.006,-0.026,-0.019,,,,,,,,,
-0.009,-0.019,-0.009,,,,,,,,,
-0.01,-0.008,0.001,,,,,,,,,
-0.006,-0.001,0.005,,,,,,,,,
0.003,0.007,0.005,,,,,,,,,
-0.006,-0.002,0.004,,,,,,,,,
-0.021,-0.022,0.0,,,,,,,,,
-0.036,-0.034,0.0,,,,,,,,,
-0.054,-0.057,-0.003,,,,,,,,,
-0.083,-0.089,-0.005,,,,,,,,,
-0.064,-0.068,-0.004,,,,,,,,,
-0.045,-0.052,-0.008,,,,,,,,,
-0.019,-0.029,-0.01,,,,,,,,,
-0.014,-0.025,-0.01,,,,,,,,,
-0.043,-0.051,-0.008,,,,,,,,,
-0.046,-0.05,-0.004,,,,,,,,,
-0.041,-0.047,-0.005,,,,,,,,,
-0.04,-0.044,-0.004,,,,,,,,,
-0.036,-0.041,-0.005,,,,,,,,,
-0.035,-0.039,-0.004,,,,,,,,,
-0.03,-0.036,-0.006,,,,,,,,,
-0.032,-0.034,-0.001,,,,,,,,,
-0.03,-0.031,0.0,,,,,,,,,
-0.029,-0.028,0.0,,,,,,,,,
-0.024,-0.025,0.0,,,,,,,,,
-0.024,-0.023,0.0,,,,,,,,,
-0.019,-0.02,-0.001,,,,,,,,,
-0.021,-0.019,0.001,,,,,,,,,
-0.011,-0.02,-0.008,,,,,,,,,
-0.001,-0.019,-0.018,,,,,,,,,
-0.006,-0.02,-0.013,,,,,,,,,
-0.001,-0.016,-0.015,,,,,,,,,
-0.001,-0.014,-0.013,,,,,,,,,
-0.005,-0.015,-0.009,,,,,,,,,
-0.004,-0.015,-0.01,,,,,,,,,
-0.004,-0.014,-0.009,,,,,,,,,
-0.008,-0.016,-0.007,,,,,,,,,
-0.036,-0.04,-0.003,,,,,,,,,
-0.034,-0.04,-0.006,,,,,,,,,
-0.035,-0.037,-0.002,,,,,,,,,
-0.034,-0.034,0.0,,,,,,,,,
-0.032,-0.032,0.0,,,,,,,,,
-0.028,-0.028,0.0,,,,,,,,,
-0.029,-0.031,-0.002,,,,,,,,,
-0.02,-0.033,-0.013,,,,,,,,,
-0.043,-0.058,-0.014,,,,,,,,,
-0.083,-0.058,0.024,,,,,,,,,
-0.117,-0.047,0.069,,,,,,,,,
-0.1,-0.042,0.057,,,,,,,,,
-0.088,-0.028,0.06,,,,,,,,,
-0.011,-0.009,0.002,,,,,,,,,
0.082,0.012,-0.069,,,,,,,,,
0.241,0.07,-0.17,,,,,,,,,
0.525,0.209,-0.316,,,,,,,,,
0.857,0.404,-0.452,,,,,,,,,
1.113,0.367,-0.747,,,,,,,,,
1.292,0.312,-0.98,,,,,,,,,
1.101,0.312,-0.789,,,,,,,,,
0.51,0.298,-0.212,,,,,,,,,
0.097,0.223,0.126,,,,,,,,,
-0.069,0.098,0.168,,,,,,,,,
-0.188,0.033,0.221,,,,,,,,,
-0.159,0.042,0.202,,,,,,,,,
-0.13,0.038,0.168,,,,,,,,,
-0.102,0.041,0.144,,,,,,,,,
-0.093,0.026,0.119,,,,,,,,,
-0.089,0.008,0.098,,,,,,,,,
-0.09,-0.011,0.079,,,,,,,,,
-0.086,-0.028,0.058,,,,,,,,,
-0.085,-0.045,0.039,,,,,,,,,
-0.095,-0.076,0.018,,,,,,,,,
-0.122,-0.081,0.042,,,,,,,,,
-0.127,-0.079,0.048,,,,,,,,,
-0.114,-0.08,0.033,,,,,,,,,
-0.108,-0.078,0.029,,,,,,,,,
-0.09,-0.073,0.017,,,,,,,,,
-0.078,-0.07,0.007,,,,,,,,,
-0.065,-0.068,-0.003,,,,,,,,,
-0.066,-0.065,0.002,,,,,,,,,
-0.074,-0.063,0.012,,,,,,,,,
-0.083,-0.059,0.023,,,,,,,,,
-0.092,-0.058,0.033,,,,,,,,,
-0.091,-0.052,0.039,,,,,,,,,
-0.108,-0.068,0.04,,,,,,,,,
-0.136,-0.096,0.039,,,,,,,,,
-0.112,-0.072,0.04,,,,,,,,,
-0.101,-0.061,0.039,,,,,,,,,
-0.078,-0.037,0.041,,,,,,,,,
-0.11,-0.065,0.045,,,,,,,,,
-0.116,-0.071,0.044,,,,,,,,,
-0.102,-0.057,0.045,,,,,,,,,
-0.098,-0.053,0.045,,,,,,,,,
-0.087,-0.042,0.044,,,,,,,,,
-0.088,-0.04,0.048,,,,,,,,,
-0.09,-0.039,0.05,,,,,,,,,
-0.089,-0.036,0.053,,,,,,,,,
-0.09,-0.034,0.055,,,,,,,,,
-0.093,-0.033,0.058,,,,,,,,,
-0.09,-0.029,0.061,,,,,,,,,
-0.088,-0.03,0.057,,,,,,,,,
-0.083,-0.028,0.054,,,,,,,,,
-0.08,-0.025,0.055,,,,,,,,,
-0.079,-0.024,0.055,,,,,,,,,
-0.077,-0.022,0.054,,,,,,,,,
-0.074,-0.019,0.055,,,,,,,,,
-0.076,-0.021,0.054,,,,,,,,,
-0.071,-0.016,0.055,,,,,,,,,
-0.068,-0.013,0.054,,,,,,,,,
-0.09,-0.035,0.055,,,,,,,,,
-0.083,-0.028,0.054,,,,,,,,,
-0.07,-0.015,0.055,,,,,,,,,
-0.059,-0.004,0.054,,,,,,,,,
-0.048,0.006,0.055,,,,,,,,,
-0.038,0.013,0.051,,,,,,,,,
-0.019,0.023,0.042,,,,,,,,,
-0.014,0.021,0.035,,,,,,,,,
-0.006,0.019,0.025,,,,,,,,,
0.021,0.016,-0.006,,,,,,,,,
0.075,0.013,-0.061,,,,,,,,,
0.068,0.01,-0.057,,,,,,,,,
,0.008,,-0.03,0.048,-0.017,,,,,,
,0.005,,-0.018,0.03,-0.011,,,,,,
,0.003,,-0.016,0.027,-0.01,,,,,,
,0.0,,-0.019,0.039,-0.019,,,,,,
,-0.002,,-0.013,0.032,-0.017,,,,,,
,-0.004,,-0.011,0.03,-0.018,,,,,,
,-0.012,,-0.001,0.022,-0.02,,,,,,
,-0.034,,0.019,0.013,-0.032,,,,,,
,-0.055,,0.044,-0.003,-0.038,,,,,,
,-0.079,,0.065,-0.012,-0.052,,,,,,
,-0.073,,0.063,-0.016,-0.046,,,,,,
,-0.073,,0.063,-0.015,-0.047,,,,,,
,-0.068,,0.061,-0.019,-0.041,,,,,,
,-0.07,,0.063,-0.019,-0.043,,,,,,
,-0.063,,0.057,-0.019,-0.037,,,,,,
,-0.066,,0.061,-0.022,-0.038,,,,,,
,-0.06,,0.056,-0.021,-0.034,,,,,,
,-0.06,,0.049,-0.007,-0.042,,,,,,
,-0.055,,0.042,0.0,-0.041,,,,,,
,-0.055,,0.044,-0.003,-0.04,,,,,,
,-0.053,,0.041,0.0,-0.039,,,,,,
,-0.05,,0.039,0.0,-0.037,,,,,,
,-0.048,,0.036,0.0,-0.036,,,,,,
,-0.054,,0.042,-0.001,-0.039,,,,,,
,-0.054,,0.044,-0.006,-0.036,,,,,,
,-0.055,,0.045,-0.007,-0.037,,,,,,
,-0.053,,0.043,-0.006,-0.036,,,,,,
,-0.057,,0.047,-0.008,-0.038,,,,,,
,-0.059,,0.049,-0.009,-0.039,,,,,,
,-0.061,,0.052,-0.012,-0.039,,,,,,
,-0.058,,0.051,-0.015,-0.035,,,,,,
,-0.062,,0.055,-0.015,-0.038,,,,,,
,-0.045,,0.04,-0.012,-0.028,,,,,,
,-0.044,,0.038,-0.011,-0.027,,,,,,
,-0.08,,0.077,-0.032,-0.044,,,,,,
,-0.068,,0.067,-0.029,-0.036,,,,,,
,-0.054,,0.052,-0.021,-0.028,,,,,,
,-0.038,,0.036,-0.015,-0.02,,,,,,
,-0.021,,0.021,-0.011,-0.009,,,,,,
,-0.018,,0.018,-0.007,-0.009,,,,,,
,-0.028,,0.03,-0.018,-0.011,,,,,,
,-0.007,,0.009,-0.008,-0.001,,,,,,
,-0.016,,0.018,-0.012,-0.005,,,,,,
,-0.03,,0.03,-0.016,-0.014,,,,,,
,-0.043,,0.042,-0.02,-0.022,,,,,,
,-0.054,,0.051,-0.02,-0.03,,,,,,
,-0.04,,0.035,-0.01,-0.024,,,,,,
,-0.035,,0.032,-0.011,-0.02,,,,,,
,-0.023,,0.023,-0.01,-0.011,,,,,,
,-0.023,,0.023,-0.011,-0.011,,,,,,
,-0.023,,0.025,-0.015,-0.009,,,,,,
,-0.03,,0.033,-0.022,-0.01,,,,,,
,-0.026,,0.032,-0.023,-0.008,,,,,,
,-0.057,,0.068,-0.052,-0.015,,,,,,
,-0.054,,0.09,-0.098,0.008,,,,,,
,-0.032,,0.052,-0.054,0.002,,,,,,
,-0.02,,0.009,0.012,-0.021,,,,,,
,0.0,,-0.029,0.058,-0.028,,,,,,
,0.03,,-0.095,0.146,-0.05,,,,,,
,0.152,,-0.275,0.322,-0.047,,,,,,
,0.352,,-0.534,0.541,-0.006,,,,,,
,0.392,,-0.685,0.783,-0.097,,,,,,
,0.341,,-0.783,1.055,-0.271,,,,,,
,0.327,,-0.753,1.014,-0.261,,,,,,
,0.313,,-0.503,0.538,-0.034,,,,,,
,0.271,,-0.242,0.077,0.164,,,,,,
,0.18,,-0.094,-0.083,0.177,,,,,,
,0.1,,0.028,-0.208,0.179,,,,,,
,0.09,,0.044,-0.225,0.18,,,,,,
,0.082,,0.032,-0.188,0.155,,,,,,
,0.077,,0.013,-0.142,0.129,,,,,,
,0.058,,0.015,-0.119,0.103,,,,,,
,0.01,,0.041,-0.098,0.056,,,,,,
,-0.007,,0.043,-0.076,0.032,,,,,,
,-0.024,,0.06,-0.083,0.023,,,,,,
,-0.04,,0.072,-0.085,0.012,,,,,,
,-0.048,,0.079,-0.087,0.006,,,,,,
,-0.043,,0.071,-0.078,0.006,,,,,,
,-0.046,,0.072,-0.075,0.002,,,,,,
,-0.042,,0.066,-0.068,0.001,,,,,,
,-0.068,,0.09,-0.078,-0.012,,,,,,
,-0.07,,0.09,-0.074,-0.015,,,,,,
,-0.069,,0.087,-0.07,-0.016,,,,,,
,-0.07,,0.086,-0.069,-0.017,,,,,,
,-0.069,,0.087,-0.07,-0.016,,,,,,
,-0.07,,0.086,-0.068,-0.018,,,,,,
,-0.069,,0.084,-0.065,-0.019,,,,,,
,-0.07,,0.085,-0.064,-0.02,,,,,,
,-0.069,,0.085,-0.065,-0.019,,,,,,
,-0.07,,0.084,-0.062,-0.021,,,,,,
,-0.069,,0.081,-0.059,-0.021,,,,,,
,-0.07,,0.082,-0.06,-0.022,,,,,,
,-0.068,,0.081,-0.059,-0.021,,,,,,
,-0.072,,0.08,-0.054,-0.026,,,,,,
,-0.061,,0.061,-0.03,-0.03,,,,,,
,-0.081,,0.077,-0.032,-0.044,,,,,,
,-0.084,,0.095,-0.063,-0.031,,,,,,
,-0.076,,0.103,-0.092,-0.011,,,,,,
,-0.073,,0.102,-0.096,-0.006,,,,,,
,-0.063,,0.085,-0.075,-0.008,,,,,,
,-0.044,,0.061,-0.056,-0.004,,,,,,
,-0.029,,0.04,-0.036,-0.003,,,,,,
,-0.01,,0.049,-0.082,0.033,,,,,,
,-0.015,,0.056,-0.087,0.032,,,,,,
,-0.034,,0.071,-0.092,0.019,,,,,,
,-0.028,,0.063,-0.085,0.021,,,,,,
,-0.029,,0.063,-0.084,0.02,,,,,,
,-0.023,,0.055,-0.076,0.02,,,,,,
,-0.025,,0.057,-0.074,0.017,,,,,,
,-0.018,,0.046,-0.066,0.018,,,,,,
,-0.021,,0.048,-0.066,0.016,,,,,,
,-0.015,,0.042,-0.06,0.017,,,,,,
,-0.015,,0.039,-0.055,0.016,,,,,,
,-0.011,,0.032,-0.048,0.016,,,,,,
,-0.01,,0.03,-0.045,0.015,,,,,,
,-0.008,,0.032,-0.051,0.019,,,,,,
,-0.005,,0.042,-0.076,0.035,,,,,,
,-0.004,,0.046,-0.084,0.037,,,,,,
,-0.002,,0.039,-0.076,0.036,,,,,,
,0.003,,0.033,-0.071,0.037,,,,,,
,0.004,,0.029,-0.066,0.035,,,,,,
,-0.009,,0.032,-0.052,0.019,,,,,,
,0.012,,0.001,-0.023,0.02,,,,,,
,0.02,,-0.017,0.002,0.013,,,,,,
,0.0,,-0.003,0.007,-0.003,,,,,,
,-0.006,,-0.008,0.028,-0.018,,,,,,
,-0.027,,-0.003,0.048,-0.044,,,,,,
,0.019,,-0.041,0.055,-0.013,,,,,,
,0.044,,-0.062,0.058,0.003,,,,,,
,0.031,,-0.042,0.037,0.004,,,,,,
,0.025,,-0.032,0.028,0.004,,,,,,
,0.019,,-0.026,0.023,0.001,,,,,,
,0.009,,-0.016,0.02,-0.002,,,,,,
,-0.008,,0.002,0.009,-0.01,,,,,,
,-0.023,,0.018,-0.001,-0.017,,,,,,
,-0.034,,0.03,-0.007,-0.022,,,,,,
,-0.026,,0.02,-0.002,-0.018,,,,,,
,-0.019,,0.015,-0.001,-0.013,,,,,,
,-0.009,,0.007,0.0,-0.006,,,,,,
,-0.015,,0.013,-0.002,-0.01,,,,,,
,-0.035,,0.034,-0.012,-0.02,,,,,,
,-0.05,,0.045,-0.014,-0.03,,,,,,
,-0.06,,0.048,-0.006,-0.042,,,,,,
,-0.058,,0.042,0.003,-0.046,,,,,,
,-0.062,,0.047,0.0,-0.046,,,,,,
,-0.065,,0.05,-0.002,-0.047,,,,,,
,-0.064,,0.049,-0.001,-0.046,,,,,,
,-0.066,,0.051,-0.002,-0.048,,,,,,
,-0.07,,0.057,-0.008,-0.048,,,,,,
,-0.069,,0.057,-0.01,-0.046,,,,,,
,-0.069,,0.057,-0.009,-0.046,,,,,,
,-0.064,,0.052,-0.006,-0.044,,,,,,
,-0.061,,0.049,-0.007,-0.042,,,,,,
,-0.055,,0.046,-0.008,-0.037,,,,,,
,-0.055,,0.045,-0.006,-0.037,,,,,,
,-0.05,,0.041,-0.005,-0.035,,,,,,
,-0.047,,0.037,-0.003,-0.033,,,,,,
,-0.042,,0.035,-0.005,-0.028,,,,,,
,-0.04,,0.033,-0.004,-0.027,,,,,,
,-0.038,,0.031,-0.004,-0.025,,,,,,
,-0.034,,0.026,0.0,-0.024,,,,,,
,-0.029,,0.023,-0.002,-0.02,,,,,,
,-0.026,,0.021,-0.002,-0.017,,,,,,
,-0.02,,0.015,0.0,-0.015,,,,,,
,-0.019,,0.014,0.0,-0.014,,,,,,
,-0.008,,0.003,0.006,-0.008,,,,,,
,0.003,,-0.006,0.009,-0.002,,,,,,
,-0.019,,0.018,-0.005,-0.01,,,,,,
,-0.031,,0.03,-0.014,-0.015,,,,,,
,-0.031,,0.029,-0.011,-0.018,,,,,,
,-0.028,,0.023,-0.004,-0.018,,,,,,
,-0.025,,0.019,0.0,-0.018,,,,,,
,-0.024,,0.016,0.005,-0.02,,,,,,
,-0.022,,0.012,0.008,-0.02,,,,,,
,-0.018,,0.006,0.016,-0.022,,,,,,
,-0.017,,0.01,0.006,-0.015,,,,,,
,-0.013,,0.012,-0.003,-0.007,,,,,,
,-0.018,,0.024,-0.021,-0.002,,,,,,
,-0.031,,0.042,-0.037,-0.005,,,,,,
,-0.049,,0.061,-0.05,-0.011,,,,,,
,-0.039,,0.073,-0.089,0.014,,,,,,
,-0.025,,0.035,-0.033,-0.002,,,,,,
,-0.007,,0.0,0.013,-0.012,,,,,,
,0.027,,-0.06,0.08,-0.019,,,,,,
,0.1,,-0.177,0.203,-0.026,,,,,,
,0.28,,-0.397,0.372,0.023,,,,,,
,0.477,,-0.638,0.558,0.078,,,,,,
,0.427,,-0.737,0.834,-0.096,,,,,,
,0.358,,-0.776,1.014,-0.237,,,,,,
,0.34,,-0.639,0.769,-0.128,,,,,,
,0.303,,-0.34,0.226,0.113,,,,,,
,0.232,,-0.138,-0.073,0.212,,,,,,
,0.129,,-0.021,-0.151,0.172,,,,,,
,0.072,,0.062,-0.234,0.171,,,,,,
,0.09,,0.035,-0.208,0.171,,,,,,
,0.089,,0.021,-0.176,0.155,,,,,,
,0.058,,0.028,-0.144,0.116,,,,,,
,0.039,,0.014,-0.087,0.073,,,,,,
,0.021,,0.025,-0.082,0.057,,,,,,
,0.006,,0.031,-0.071,0.04,,,,,,
,-0.009,,0.04,-0.066,0.026,,,,,,
,-0.034,,0.057,-0.065,0.007,,,,,,
,-0.069,,0.088,-0.073,-0.015,,,,,,
,-0.062,,0.077,-0.061,-0.015,,,,,,
,-0.061,,0.073,-0.053,-0.019,,,,,,
,-0.054,,0.066,-0.049,-0.015,,,,,,
,-0.053,,0.067,-0.055,-0.012,,,,,,
,-0.046,,0.062,-0.054,-0.007,,,,,,
,-0.046,,0.064,-0.058,-0.005,,,,,,
,-0.055,,0.068,-0.054,-0.013,,,,,,
,-0.088,,0.098,-0.064,-0.033,,,,,,
,-0.088,,0.093,-0.054,-0.038,,,,,,
,-0.078,,0.082,-0.047,-0.034,,,,,,
,-0.071,,0.086,-0.066,-0.019,,,,,,
,-0.062,,0.078,-0.062,-0.015,,,,,,
,-0.056,,0.07,-0.057,-0.012,,,,,,
,-0.052,,0.067,-0.056,-0.01,,,,,,
,-0.048,,0.06,-0.048,-0.011,,,,,,
,-0.041,,0.053,-0.046,-0.007,,,,,,
,-0.038,,0.049,-0.043,-0.006,,,,,,
,-0.033,,0.055,-0.06,0.005,,,,,,
,-0.03,,0.053,-0.061,0.007,,,,,,
,-0.023,,0.044,-0.054,0.009,,,,,,
,-0.041,,0.061,-0.06,-0.001,,,,,,
,-0.052,,0.072,-0.066,-0.005,,,,,,
,-0.047,,0.065,-0.059,-0.005,,,,,,
,-0.056,,0.072,-0.062,-0.01,,,,,,
,-0.056,,0.071,-0.058,-0.011,,,,,,
,-0.051,,0.065,-0.054,-0.011,,,,,,
,-0.049,,0.068,-0.061,-0.005,,,,,,
,-0.046,,0.081,-0.092,0.011,,,,,,
,-0.044,,0.081,-0.096,0.015,,,,,,
,-0.041,,0.078,-0.095,0.016,,,,,,
,-0.038,,0.075,-0.094,0.017,,,,,,
,-0.035,,0.072,-0.091,0.019,,,,,,
,-0.033,,0.073,-0.095,0.022,,,,,,
,-0.027,,0.067,-0.094,0.026,,,,,,
,-0.022,,0.062,-0.091,0.028,,,,,,
,-0.02,,0.059,-0.089,0.029,,,,,,
,-0.012,,0.053,-0.088,0.033,,,,,,
,-0.008,,0.051,-0.09,0.037,,,,,,
,-0.004,,0.046,-0.086,0.039,,,,,,
,-0.022,,0.064,-0.096,0.03,,,,,,
,-0.016,,0.058,-0.093,0.034,,,,,,
,-0.008,,0.048,-0.085,0.036,,,,,,
,0.0,,0.034,-0.068,0.034,,,,,,
,-0.002,,0.033,-0.063,0.029,,,,,,
,-0.011,,0.038,-0.059,0.02,,,,,,
,-0.015,,0.036,-0.05,0.013,,,,,,
,-0.008,,0.023,-0.035,0.011,,,,,,
,0.0,,0.011,-0.023,0.011,,,,,,
,0.003,,-0.015,0.026,-0.01,,,,,,
,-0.002,,-0.022,0.051,-0.026,,,,,,
,-0.003,,-0.015,0.038,-0.021,,,,,,
,0.005,,-0.021,0.036,-0.014,,,,,,
,0.02,,-0.032,0.033,-0.001,,,,,,
,0.022,,-0.033,0.033,0.0,,,,,,
,0.014,,-0.025,0.031,-0.005,,,,,,
,0.005,,-0.015,0.022,-0.006,,,,,,
,0.033,,-0.042,0.034,0.007,,,,,,
,0.031,,-0.037,0.029,0.008,,,,,,
,-0.005,,0.0,0.01,-0.009,,,,,,
,-0.019,,0.015,0.0,-0.013,,,,,,
,-0.029,,0.023,-0.001,-0.02,,,,,,
,-0.059,,0.049,-0.009,-0.039,,,,,,
,-0.058,,0.043,0.002,-0.045,,,,,,
,-0.063,,0.048,0.0,-0.046,,,,,,
,-0.064,,0.048,0.0,-0.047,,,,,,
,-0.068,,0.056,-0.008,-0.046,,,,,,
,-0.07,,0.058,-0.009,-0.047,,,,,,
,-0.07,,0.059,-0.014,-0.045,,,,,,
,-0.069,,0.059,-0.013,-0.045,,,,,,
,-0.07,,0.062,-0.018,-0.042,,,,,,
,-0.069,,0.066,-0.027,-0.038,,,,,,
,-0.07,,0.071,-0.039,-0.032,,,,,,
,-0.069,,0.062,-0.02,-0.041,,,,,,
,-0.07,,0.055,-0.005,-0.049,,,,,,
,-0.069,,0.058,-0.011,-0.046,,,,,,
,-0.07,,0.058,-0.009,-0.047,,,,,,
,-0.068,,0.056,-0.008,-0.045,,,,,,
,-0.063,,0.053,-0.01,-0.042,,,,,,
,-0.059,,0.054,-0.018,-0.035,,,,,,
,-0.055,,0.051,-0.018,-0.032,,,,,,
,-0.051,,0.051,-0.024,-0.026,,,,,,
,-0.047,,0.048,-0.025,-0.022,,,,,,
,-0.043,,0.048,-0.031,-0.016,,,,,,
,-0.037,,0.041,-0.025,-0.015,,,,,,
,-0.032,,0.034,-0.02,-0.013,,,,,,
,-0.027,,0.028,-0.015,-0.012,,,,,,
,-0.019,,0.019,-0.008,-0.009,,,,,,
,-0.036,,0.036,-0.017,-0.018,,,,,,
,-0.032,,0.03,-0.01,-0.018,,,,,,
,-0.01,,0.008,0.0,-0.008,,,,,,
,-0.018,,0.012,0.002,-0.014,,,,,,
,-0.031,,0.027,-0.006,-0.019,,,,,,
,-0.045,,0.041,-0.014,-0.025,,,,,,
,-0.058,,0.058,-0.028,-0.029,,,,,,
,-0.056,,0.055,-0.026,-0.027,,,,,,
,-0.051,,0.053,-0.029,-0.023,,,,,,
,-0.047,,0.05,-0.03,-0.02,,,,,,
,-0.043,,0.049,-0.032,-0.016,,,,,,
,-0.039,,0.044,-0.03,-0.014,,,,,,
,-0.034,,0.044,-0.035,-0.007,,,,,,
,-0.04,,0.05,-0.037,-0.011,,,,,,
,-0.057,,0.069,-0.053,-0.016,,,,,,
,-0.062,,0.072,-0.051,-0.02,,,,,,
,-0.05,,0.072,-0.069,-0.003,,,,,,
,-0.045,,0.083,-0.099,0.016,,,,,,
,-0.037,,0.054,-0.052,-0.002,,,,,,
,-0.008,,0.003,0.006,-0.009,,,,,,
,0.057,,-0.099,0.112,-0.013,,,,,,
,0.155,,-0.222,0.21,0.01,,,,,,
,0.369,,-0.448,0.344,0.103,,,,,,
,0.528,,-0.682,0.573,0.109,,,,,,
,0.467,,-0.803,0.905,-0.101,,,,,,
,0.369,,-0.779,1.006,-0.225,,,,,,
,0.284,,-0.563,0.7,-0.136,,,,,,
,0.216,,-0.297,0.27,0.026,,,,,,
,0.114,,-0.115,0.059,0.055,,,,,,
,0.058,,0.003,-0.095,0.09,,,,,,
,0.054,,0.056,-0.194,0.137,,,,,,
,0.055,,0.05,-0.185,0.133,,,,,,
,0.056,,0.016,-0.118,0.1,,,,,,
,0.041,,0.005,-0.074,0.068,,,,,,
,0.012,,0.027,-0.074,0.045,,,,,,
,-0.008,,0.037,-0.061,0.024,,,,,,
,-0.024,,0.044,-0.051,0.007,,,,,,
,-0.029,,0.042,-0.042,0.0,,,,,,
,-0.04,,0.052,-0.045,-0.007,,,,,,
,-0.043,,0.053,-0.041,-0.011,,,,,,
,-0.06,,0.068,-0.046,-0.021,,,,,,
,-0.06,,0.066,-0.042,-0.024,,,,,,
,-0.086,,0.088,-0.048,-0.039,,,,,,
,-0.084,,0.085,-0.044,-0.04,,,,,,
,-0.085,,0.084,-0.039,-0.043,,,,,,
,-0.08,,0.079,-0.037,-0.041,,,,,,
,-0.079,,0.096,-0.072,-0.023,,,,,,
,-0.08,,0.097,-0.076,-0.021,,,,,,
,-0.077,,0.093,-0.072,-0.021,,,,,,
,-0.074,,0.088,-0.066,-0.021,,,,,,
,-0.075,,0.091,-0.068,-0.022,,,,,,
,-0.071,,0.084,-0.062,-0.021,,,,,,
,-0.069,,0.081,-0.06,-0.022,,,,,,
,-0.069,,0.08,-0.056,-0.023,,,,,,
,-0.064,,0.075,-0.052,-0.022,,,,,,
,-0.064,,0.074,-0.05,-0.022,,,,,,
,-0.065,,0.071,-0.047,-0.025,,,,,,
,-0.06,,0.066,-0.044,-0.022,,,,,,
,-0.06,,0.072,-0.055,-0.017,,,,,,
,-0.059,,0.082,-0.075,-0.007,,,,,,
,-0.056,,0.084,-0.085,0.0,,,,,,
,-0.054,,0.081,-0.081,0.0,,,,,,
,-0.05,,0.077,-0.08,0.001,,,,,,
,-0.05,,0.076,-0.079,0.001,,,,,,
,-0.048,,0.075,-0.079,0.003,,,,,,
,-0.044,,0.069,-0.072,0.003,,,,,,
,-0.045,,0.071,-0.072,0.001,,,,,,
,-0.039,,0.064,-0.069,0.004,,,,,,
,-0.04,,0.065,-0.07,0.005,,,,,,
,-0.034,,0.057,-0.064,0.006,,,,,,
,-0.035,,0.057,-0.062,0.004,,,,,,
,-0.031,,0.053,-0.06,0.006,,,,,,
,-0.03,,0.052,-0.061,0.007,,,,,,
,-0.029,,0.05,-0.057,0.006,,,,,,
,-0.025,,0.051,-0.066,0.013,,,,,,
,-0.024,,0.056,-0.075,0.018,,,,,,
,-0.025,,0.054,-0.07,0.016,,,,,,
,-0.02,,0.05,-0.071,0.02,,,,,,
,-0.02,,0.048,-0.066,0.017,,,,,,
,-0.019,,0.046,-0.065,0.017,,,,,,
,-0.019,,0.046,-0.064,0.016,,,,,,
,-0.014,,0.04,-0.061,0.02,,,,,,
,-0.016,,0.041,-0.058,0.016,,,,,,
,-0.013,,0.038,-0.056,0.018,,,,,,
,-0.011,,0.036,-0.055,0.019,,,,,,
,-0.007,,0.03,-0.05,0.018,,,,,,
,-0.013,,0.035,-0.051,0.015,,,,,,
,0.001,,0.02,-0.044,0.023,,,,,,
,0.024,,-0.002,-0.032,0.033,,,,,,
,0.011,,0.005,-0.028,0.022,,,,,,
,0.005,,0.005,-0.021,0.014,,,,,,
,-0.003,,0.009,-0.013,0.004,,,,,,
,-0.009,,0.01,-0.006,-0.003,,,,,,
,-0.013,,0.003,0.012,-0.015,,,,,,
,-0.017,,0.0,0.026,-0.025,,,,,,
,-0.02,,-0.007,0.047,-0.038,,,,,,
,-0.025,,-0.003,0.047,-0.042,,,,,,
,-0.028,,0.004,0.034,-0.038,,,,,,
,-0.026,,0.007,0.024,-0.031,,,,,,
,0.006,,-0.02,0.03,-0.01,,,,,,
,0.015,,-0.025,0.028,-0.003,,,,,,
,-0.008,,0.0,0.013,-0.013,,,,,,
,-0.024,,0.018,0.0,-0.018,,,,,,
,-0.045,,0.04,-0.012,-0.027,,,,,,
,-0.066,,0.069,-0.037,-0.03,,,,,,
,-0.07,,0.074,-0.042,-0.031,,,,,,
,-0.069,,0.07,-0.038,-0.032,,,,,,
,-0.07,,0.071,-0.036,-0.034,,,,,,
,-0.069,,0.069,-0.033,-0.035,,,,,,
,-0.07,,0.069,-0.03,-0.036,,,,,,
,-0.069,,0.066,-0.028,-0.037,,,,,,
,-0.07,,0.065,-0.025,-0.04,,,,,,
,-0.103,,0.098,-0.04,-0.057,,,,,,
,-0.092,,0.086,-0.031,-0.053,,,,,,
,-0.075,,0.067,-0.021,-0.045,,,,,,
,-0.06,,0.049,-0.009,-0.04,,,,,,
,-0.046,,0.038,-0.006,-0.031,,,,,,
,-0.043,,0.036,-0.007,-0.029,,,,,,
,-0.038,,0.031,-0.004,-0.026,,,,,,
,-0.036,,0.028,-0.002,-0.025,,,,,,
,-0.026,,0.019,0.002,-0.02,,,,,,
,-0.015,,0.008,0.007,-0.014,,,,,,
,-0.015,,0.008,0.007,-0.014,,,,,,
,-0.054,,0.046,-0.011,-0.034,,,,,,
,-0.055,,0.048,-0.012,-0.035,,,,,,
,-0.051,,0.044,-0.01,-0.032,,,,,,
,-0.046,,0.04,-0.008,-0.03,,,,,,
,-0.043,,0.036,-0.006,-0.029,,,,,,
,-0.038,,0.031,-0.004,-0.026,,,,,,
,-0.036,,0.029,-0.001,-0.025,,,,,,
,-0.029,,0.024,-0.004,-0.02,,,,,,
,-0.029,,0.024,-0.004,-0.019,,,,,,
,-0.016,,0.011,0.001,-0.012,,,,,,
,-0.004,,0.0,0.007,-0.007,,,,,,
,-0.018,,0.017,-0.004,-0.011,,,,,,
,-0.023,,0.021,-0.005,-0.014,,,,,,
,-0.033,,0.031,-0.011,-0.019,,,,,,
,-0.041,,0.039,-0.016,-0.022,,,,,,
,-0.039,,0.039,-0.02,-0.018,,,,,,
,-0.025,,0.025,-0.011,-0.013,,,,,,
,-0.021,,0.022,-0.011,-0.009,,,,,,
,-0.01,,0.008,-0.001,-0.006,,,,,,
,-0.014,,0.01,0.002,-0.011,,,,,,
,-0.023,,0.014,0.008,-0.022,,,,,,
,-0.052,,0.053,-0.027,-0.025,,,,,,
,-0.065,,0.076,-0.055,-0.02,,,,,,
,-0.097,,0.123,-0.1,-0.022,,,,,,
,-0.032,,0.049,-0.051,0.002,,,,,,
,-0.015,,0.024,-0.024,0.0,,,,,,
,0.021,,-0.035,0.039,-0.004,,,,,,
,0.064,,-0.116,0.136,-0.019,,,,,,
,0.193,,-0.286,0.284,0.003,,,,,,
,0.465,,-0.602,0.505,0.095,,,,,,
,0.474,,-0.727,0.741,-0.014,,,,,,
,0.375,,-0.79,1.018,-0.227,,,,,,
,0.296,,-0.671,0.898,-0.227,,,,,,
,0.239,,-0.412,0.464,-0.052,,,,,,
,0.153,,-0.171,0.11,0.059,,,,,,
,0.082,,-0.054,-0.016,0.069,,,,,,
,0.044,,0.051,-0.169,0.117,,,,,,
,0.028,,0.077,-0.197,0.119,,,,,,
,0.071,,0.017,-0.141,0.123,,,,,,
,0.065,,0.009,-0.117,0.107,,,,,,
,0.046,,0.008,-0.087,0.078,,,,,,
,0.03,,0.011,-0.068,0.056,,,,,,
,0.008,,0.024,-0.06,0.035,,,,,,
,-0.01,,0.03,-0.045,0.014,,,,,,
,-0.032,,0.044,-0.041,-0.003,,,,,,
,-0.058,,0.07,-0.053,-0.016,,,,,,
,-0.073,,0.085,-0.062,-0.024,,,,,,
,-0.068,,0.08,-0.059,-0.021,,,,,,
,-0.071,,0.083,-0.06,-0.022,,,,,,
,-0.067,,0.079,-0.058,-0.021,,,,,,
,-0.065,,0.077,-0.057,-0.02,,,,,,
,-0.064,,0.076,-0.056,-0.019,,,,,,
,-0.066,,0.078,-0.058,-0.02,,,,,,
,-0.07,,0.082,-0.059,-0.022,,,,,,
,-0.092,,0.104,-0.071,-0.033,,,,,,
,-0.086,,0.098,-0.067,-0.03,,,,,,
,-0.078,,0.09,-0.064,-0.025,,,,,,
,-0.069,,0.081,-0.058,-0.022,,,,,,
,-0.073,,0.087,-0.064,-0.021,,,,,,
,-0.105,,0.121,-0.082,-0.037,,,,,,
,-0.102,,0.117,-0.08,-0.035,,,,,,
,-0.092,,0.107,-0.075,-0.03,,,,,,
,-0.086,,0.102,-0.076,-0.025,,,,,,
,-0.082,,0.098,-0.075,-0.023,,,,,,
,-0.078,,0.097,-0.078,-0.018,,,,,,
,-0.074,,0.094,-0.076,-0.016,,,,,,
,-0.07,,0.09,-0.075,-0.014,,,,,,
,-0.066,,0.086,-0.072,-0.012,,,,,,
,-0.057,,0.077,-0.069,-0.007,,,,,,
,-0.036,,0.055,-0.056,0.0,,,,,,
,-0.02,,0.037,-0.046,0.008,,,,,,
,0.001,,0.028,-0.059,0.03,,,,,,
,0.0,,0.029,-0.059,0.03,,,,,,
,0.0,,0.029,-0.06,0.03,,,,,,
,-0.004,,0.034,-0.062,0.027,,,,,,
,-0.005,,0.034,-0.061,0.026,,,,,,
,-0.01,,0.041,-0.065,0.024,,,,,,
,-0.009,,0.038,-0.064,0.025,,,,,,
,-0.008,,0.039,-0.064,0.025,,,,,,
,0.003,,0.025,-0.056,0.03,,,,,,
,0.002,,0.034,-0.071,0.037,,,,,,
,-0.034,,0.072,-0.094,0.02,,,,,,
,-0.025,,0.061,-0.085,0.023,,,,,,
,-0.013,,0.048,-0.076,0.028,,,,,,
,-0.004,,0.04,-0.072,0.031,,,,,,
,0.012,,0.02,-0.061,0.039,,,,,,
,0.028,,0.002,-0.05,0.046,,,,,,
,0.024,,0.006,-0.05,0.042,,,,,,
,0.023,,0.006,-0.048,0.041,,,,,,
,0.018,,0.01,-0.048,0.038,,,,,,
,0.02,,0.001,-0.034,0.032,,,,,,
,0.014,,0.002,-0.027,0.023,,,,,,
,0.014,,-0.004,-0.013,0.016,,,,,,
,0.009,,-0.004,-0.005,0.008,,,,,,
,0.012,,-0.015,0.013,0.001,,,,,,
,-0.003,,-0.006,0.019,-0.012,,,,,,
,0.001,,-0.021,0.041,-0.019,,,,,,
,0.022,,-0.039,0.046,-0.006,,,,,,
,0.026,,-0.036,0.032,0.003,,,,,,
,0.02,,-0.021,0.012,0.008,,,,,,
,0.017,,-0.013,0.0,0.012,,,,,,
,0.012,,-0.01,0.0,0.009,,,,,,
,0.005,,-0.004,-0.001,0.004,,,,,,
,0.002,,-0.002,0.0,0.001,,,,,,
,-0.003,,0.001,0.002,-0.003,,,,,,
,-0.013,,0.001,0.019,-0.019,,,,,,
,-0.023,,-0.002,0.04,-0.037,,,,,,
,-0.036,,0.009,0.034,-0.043,,,,,,
,-0.037,,0.017,0.022,-0.039,,,,,,
,-0.033,,0.019,0.013,-0.032,,,,,,
,-0.033,,0.023,0.004,-0.026,,,,,,
,-0.027,,0.02,0.001,-0.02,,,,,,
,-0.042,,0.036,-0.006,-0.028,,,,,,
,-0.058,,0.051,-0.013,-0.036,,,,,,
,-0.053,,0.046,-0.011,-0.034,,,,,,
,-0.052,,0.045,-0.011,-0.033,,,,,,
,-0.049,,0.042,-0.009,-0.031,,,,,,
,-0.049,,0.043,-0.01,-0.031,,,,,,
,-0.044,,0.039,-0.011,-0.026,,,,,,
,-0.045,,0.041,-0.012,-0.027,,,,,,
,-0.04,,0.035,-0.01,-0.025,,,,,,
,-0.04,,0.035,-0.009,-0.024,,,,,,
,-0.035,,0.03,-0.007,-0.022,,,,,,
,-0.035,,0.029,-0.007,-0.022,,,,,,
,-0.033,,0.029,-0.007,-0.02,,,,,,
,-0.029,,0.027,-0.011,-0.016,,,,,,
,-0.03,,0.03,-0.014,-0.015,,,,,,
,-0.025,,0.027,-0.016,-0.01,,,,,,
,-0.025,,0.027,-0.018,-0.008,,,,,,
,-0.02,,0.026,-0.022,-0.003,,,,,,
,-0.019,,0.026,-0.024,-0.002,,,,,,
,-0.014,,0.02,-0.017,-0.001,,,,,,
,-0.015,,0.019,-0.016,-0.002,,,,,,
,-0.014,,0.019,-0.017,-0.001,,,,,,
,-0.016,,0.021,-0.017,-0.003,,,,,,
,-0.033,,0.039,-0.026,-0.01,,,,,,
,-0.034,,0.038,-0.024,-0.013,,,,,,
,-0.05,,0.051,-0.029,-0.022,,,,,,
,-0.051,,0.053,-0.03,-0.022,,,,,,
,-0.047,,0.05,-0.028,-0.02,,,,,,
,-0.045,,0.046,-0.026,-0.02,,,,,,
,-0.044,,0.047,-0.027,-0.019,,,,,,
,-0.041,,0.045,-0.028,-0.016,,,,,,
,-0.039,,0.046,-0.033,-0.012,,,,,,
,-0.038,,0.046,-0.036,-0.01,,,,,,
,-0.034,,0.049,-0.046,-0.001,,,,,,
,-0.034,,0.052,-0.054,0.001,,,,,,
,-0.028,,0.054,-0.067,0.012,,,,,,
,-0.031,,0.055,-0.063,0.007,,,,,,
,-0.023,,0.04,-0.046,0.005,,,,,,
,-0.027,,0.034,-0.027,-0.006,,,,,,
,-0.014,,0.016,-0.011,-0.004,,,,,,
,0.02,,-0.041,0.053,-0.01,,,,,,
,0.085,,-0.139,0.152,-0.012,,,,,,
,0.232,,-0.337,0.324,0.011,,,,,,
,0.444,,-0.594,0.521,0.072,,,,,,
,0.487,,-0.762,0.793,-0.031,,,,,,
,0.341,,-0.777,1.043,-0.265,,,,,,
,0.26,,-0.679,0.969,-0.288,,,,,,
,0.212,,-0.408,0.499,-0.09,,,,,,
,0.146,,-0.154,0.09,0.063,,,,,,
,0.074,,-0.033,-0.046,0.078,,,,,,
,0.072,,0.027,-0.164,0.136,,,,,,
,0.06,,0.052,-0.196,0.142,,,,,,
,0.054,,0.037,-0.157,0.119,,,,,,
,0.069,,0.0,-0.103,0.103,,,,,,
,0.056,,0.0,-0.087,0.086,,,,,,
,0.016,,0.026,-0.079,0.052,,,,,,
,0.001,,0.033,-0.069,0.036,,,,,,
,-0.019,,0.041,-0.054,0.012,,,,,,
,-0.03,,0.044,-0.043,0.0,,,,,,
,-0.052,,0.063,-0.048,-0.015,,,,,,
,-0.043,,0.066,-0.067,0.0,,,,,,
,-0.051,,0.072,-0.067,-0.005,,,,,,
,-0.082,,0.1,-0.077,-0.022,,,,,,
,-0.079,,0.094,-0.069,-0.024,,,,,,
,-0.08,,0.092,-0.065,-0.026,,,,,,
,-0.08,,0.089,-0.059,-0.03,,,,,,
,-0.08,,0.086,-0.054,-0.032,,,,,,
,-0.075,,0.085,-0.056,-0.027,,,,,,
,-0.074,,0.086,-0.06,-0.025,,,,,,
,-0.075,,0.088,-0.064,-0.024,,,,,,
,-0.074,,0.09,-0.067,-0.022,,,,,,
,-0.072,,0.084,-0.059,-0.024,,,,,,
,-0.068,,0.081,-0.061,-0.02,,,,,,
,-0.07,,0.081,-0.057,-0.023,,,,,,
,-0.069,,0.084,-0.065,-0.017,,,,,,
,-0.071,,0.088,-0.07,-0.018,,,,,,
,-0.065,,0.089,-0.079,-0.009,,,,,,
,-0.06,,0.089,-0.088,0.0,,,,,,
,-0.056,,0.082,-0.081,-0.001,,,,,,
,-0.053,,0.08,-0.082,0.001,,,,,,
,-0.045,,0.071,-0.076,0.004,,,,,,
,-0.043,,0.07,-0.077,0.006,,,,,,
,-0.037,,0.063,-0.073,0.007,,,,,,
,-0.035,,0.063,-0.072,0.01,,,,,,
,-0.032,,0.059,-0.07,0.01,,,,,,
,-0.03,,0.057,-0.07,0.012,,,,,,
,-0.026,,0.053,-0.067,0.013,,,,,,
,-0.024,,0.051,-0.067,0.015,,,,,,
,-0.024,,0.051,-0.066,0.014,,,,,,
,-0.017,,0.045,-0.065,0.018,,,,,,
,-0.01,,0.036,-0.058,0.021,,,,,,
,-0.001,,0.037,-0.074,0.035,,,,,,
,-0.004,,0.045,-0.085,0.039,,,,,,
,-0.032,,0.069,-0.09,0.021,,,,,,
,-0.023,,0.06,-0.087,0.025,,,,,,
,-0.011,,0.046,-0.076,0.028,,,,,,
,0.001,,0.033,-0.069,0.035,,,,,,
,0.01,,0.021,-0.06,0.037,,,,,,
,0.018,,0.013,-0.055,0.041,,,,,,
,0.021,,0.008,-0.049,0.04,,,,,,
,0.03,,,,,0.056,0.132,0.113,,,
,0.029,,,,,0.051,0.139,0.116,,,
,0.031,,,,,0.048,0.139,0.113,,,
,0.028,,,,,0.043,0.141,0.116,,,
,0.032,,,,,0.04,0.138,0.112,,,
,0.026,,,,,0.038,0.141,0.109,,,
,0.048,,,,,0.032,0.138,0.103,,,
,0.03,,,,,0.027,0.141,0.101,,,
,-0.015,,,,,0.021,0.138,0.095,,,
,-0.023,,,,,0.021,0.141,0.095,,,
,-0.003,,,,,0.06,0.138,0.09,,,
,0.007,,,,,0.074,0.142,0.087,,,
,0.018,,,,,0.065,0.135,0.082,,,
,0.028,,,,,0.052,0.113,0.079,,,
,0.043,,,,,0.04,0.089,0.074,,,
,0.044,,,,,0.029,0.068,0.074,,,
,0.019,,,,,0.024,0.038,0.05,,,
,0.002,,,,,0.025,0.02,0.031,,,
,-0.019,,,,,0.024,0.0,0.007,,,
,-0.019,,,,,0.025,-0.01,-0.01,,,
,-0.039,,,,,0.02,-0.034,-0.032,,,
,-0.041,,,,,0.019,-0.03,-0.049,,,
,-0.037,,,,,0.019,-0.038,-0.073,,,
,-0.056,,,,,0.02,-0.064,-0.076,,,
,-0.06,,,,,0.018,-0.058,-0.075,,,
,-0.048,,,,,0.014,-0.059,-0.07,,,
,-0.043,,,,,0.015,-0.054,-0.07,,,
,-0.036,,,,,0.014,-0.055,-0.068,,,
,-0.022,,,,,0.015,-0.054,-0.065,,,
,-0.005,,,,,0.012,-0.049,-0.063,,,
,-0.013,,,,,0.009,-0.05,-0.059,,,
,-0.025,,,,,0.01,-0.046,-0.06,,,
,-0.038,,,,,0.009,-0.044,-0.055,,,
,-0.048,,,,,0.01,-0.045,-0.055,,,
,-0.045,,,,,0.009,-0.043,-0.053,,,
,-0.041,,,,,0.01,-0.039,-0.049,,,
,-0.035,,,,,0.01,-0.038,-0.05,,,
,-0.054,,,,,0.009,-0.033,-0.045,,,
,-0.056,,,,,0.01,-0.035,-0.045,,,
,-0.051,,,,,0.009,-0.028,-0.044,,,
,-0.05,,,,,0.01,-0.03,-0.041,,,
,-0.046,,,,,0.009,-0.023,-0.039,,,
,-0.045,,,,,0.01,-0.026,-0.038,,,
,-0.043,,,,,0.006,-0.02,-0.034,,,
,-0.028,,,,,-0.002,-0.021,-0.035,,,
,-0.005,,,,,-0.01,-0.019,-0.035,,,
,-0.019,,,,,-0.015,-0.04,-0.052,,,
,-0.069,,,,,-0.01,-0.053,-0.071,,,
,-0.062,,,,,-0.007,-0.05,-0.083,,,
,-0.061,,,,,-0.002,-0.049,-0.077,,,
,-0.054,,,,,0.0,-0.05,-0.081,,,
,-0.053,,,,,0.006,-0.049,-0.075,,,
,-0.046,,,,,-0.007,-0.051,-0.075,,,
,-0.045,,,,,-0.012,-0.048,-0.074,,,
,-0.037,,,,,-0.007,-0.051,-0.075,,,
,-0.031,,,,,-0.003,-0.048,-0.07,,,
,-0.02,,,,,0.0,-0.051,-0.07,,,
,-0.021,,,,,0.004,-0.048,-0.069,,,
,-0.059,,,,,0.007,-0.052,-0.067,,,
,-0.072,,,,,0.016,-0.047,-0.063,,,
,-0.068,,,,,0.035,-0.053,-0.066,,,
,-0.077,,,,,0.051,-0.032,-0.063,,,
,-0.069,,,,,0.093,0.011,-0.046,,,
,-0.054,,,,,0.117,0.067,0.031,,,
,-0.031,,,,,0.126,0.202,0.186,,,
,-0.018,,,,,0.146,0.43,0.424,,,
,0.026,,,,,0.143,0.621,0.679,,,
,0.132,,,,,0.076,0.811,0.989,,,
,0.324,,,,,-0.051,0.829,1.211,,,
,0.408,,,,,-0.239,0.671,1.139,,,
,0.307,,,,,-0.452,0.379,0.778,,,
,0.293,,,,,-0.582,-0.035,0.303,,,
,0.263,,,,,-0.575,-0.864,-0.59,,,
,0.256,,,,,-0.467,-1.669,-1.497,,,
,0.197,,,,,-0.321,-1.71,-1.633,,,
,0.097,,,,,-0.262,-1.481,-1.441,,,
,0.06,,,,,-0.176,-1.175,-1.128,,,
,0.054,,,,,-0.136,-0.894,-0.849,,,
,0.044,,,,,-0.11,-0.645,-0.616,,,
,0.04,,,,,-0.076,-0.366,-0.368,,,
,0.03,,,,,-0.025,-0.195,-0.209,,,
,0.014,,,,,-0.001,-0.122,-0.14,,,
,-0.008,,,,,0.022,-0.094,-0.116,,,
,-0.07,,,,,0.037,-0.068,-0.097,,,
,-0.076,,,,,0.046,-0.057,-0.087,,,
,-0.073,,,,,0.043,-0.05,-0.081,,,
,-0.069,,,,,0.046,-0.041,-0.076,,,
,-0.07,,,,,0.043,-0.033,-0.07,,,
,-0.066,,,,,0.049,-0.029,-0.065,,,
,-0.064,,,,,0.049,-0.028,-0.059,,,
,-0.064,,,,,0.05,-0.024,-0.055,,,
,-0.059,,,,,0.049,-0.022,-0.047,,,
,-0.058,,,,,0.052,-0.013,-0.043,,,
,-0.054,,,,,0.054,-0.006,-0.036,,,
,-0.055,,,,,0.055,0.0,-0.033,,,
,-0.05,,,,,0.054,0.003,-0.025,,,
,-0.05,,,,,0.055,0.014,-0.022,,,
,-0.051,,,,,0.054,0.019,-0.013,,,
,-0.056,,,,,0.055,0.03,-0.009,,,
,-0.053,,,,,0.054,0.034,-0.002,,,
,-0.064,,,,,0.055,0.069,0.0,,,
,-0.068,,,,,0.054,0.075,0.008,,,
,-0.062,,,,,0.055,0.074,0.012,,,
,-0.059,,,,,0.055,0.073,0.028,,,
,-0.055,,,,,0.059,0.083,0.043,,,
,-0.051,,,,,0.074,0.122,0.074,,,
,-0.047,,,,,0.076,0.118,0.075,,,
,-0.043,,,,,0.073,0.121,0.075,,,
,-0.039,,,,,0.076,0.117,0.073,,,
,-0.035,,,,,0.074,0.132,0.082,,,
,-0.031,,,,,0.075,0.158,0.105,,,
,-0.026,,,,,0.074,0.156,0.112,,,
,-0.024,,,,,0.075,0.154,0.12,,,
,-0.022,,,,,0.074,0.155,0.12,,,
,-0.017,,,,,0.075,0.153,0.125,,,
,-0.014,,,,,0.074,0.149,0.123,,,
,-0.017,,,,,0.076,0.15,0.12,,,
,-0.026,,,,,0.073,0.15,0.119,,,
,-0.033,,,,,0.076,0.146,0.12,,,
,-0.03,,,,,0.072,0.144,0.119,,,
,-0.026,,,,,0.07,0.145,0.116,,,
,-0.022,,,,,0.066,0.142,0.114,,,
,-0.018,,,,,0.065,0.138,0.115,,,
,-0.013,,,,,0.061,0.141,0.115,,,
,-0.011,,,,,0.06,0.138,0.113,,,
,-0.004,,,,,0.058,0.16,0.109,,,
,0.001,,,,,0.055,0.157,0.11,,,
,0.013,,,,,0.05,0.15,0.109,,,
,0.025,,,,,0.047,0.146,0.11,,,
,0.01,,,,,0.042,0.139,0.109,,,
,0.007,,,,,0.039,0.135,0.125,,,
,-0.006,,,,,0.033,0.129,0.126,,,
,0.02,,,,,0.031,0.12,0.122,,,
,0.03,,,,,0.028,0.109,0.12,,,
,0.016,,,,,0.031,0.098,0.118,,,
,0.011,,,,,0.024,0.089,0.113,,,
,0.0,,,,,0.027,0.084,0.109,,,
,-0.02,,,,,0.02,0.08,0.105,,,
,-0.02,,,,,0.051,0.079,0.101,,,
,-0.019,,,,,0.096,0.075,0.097,,,
,-0.016,,,,,0.073,0.07,0.092,,,
,-0.014,,,,,0.058,0.07,0.073,,,
,-0.015,,,,,0.036,0.054,0.053,,,
,-0.011,,,,,0.026,0.033,0.033,,,
,-0.01,,,,,0.024,0.013,0.013,,,
,-0.008,,,,,0.026,-0.005,-0.005,,,
,-0.015,,,,,0.021,-0.018,-0.02,,,
,-0.026,,,,,0.019,-0.029,-0.038,,,
,-0.033,,,,,0.019,-0.043,-0.042,,,
,-0.041,,,,,0.019,-0.047,-0.037,,,
,-0.061,,,,,0.015,-0.045,-0.045,,,
,-0.057,,,,,0.014,-0.069,-0.063,,,
,-0.049,,,,,0.015,-0.06,-0.057,,,
,-0.039,,,,,0.011,-0.061,-0.054,,,
,-0.041,,,,,0.009,-0.056,-0.049,,,
,-0.072,,,,,0.01,-0.055,-0.049,,,
,-0.068,,,,,0.01,-0.051,-0.044,,,
,-0.066,,,,,0.005,-0.05,-0.041,,,
,-0.06,,,,,0.004,-0.046,-0.035,,,
,-0.058,,,,,0.005,-0.045,-0.035,,,
,-0.052,,,,,0.0,-0.04,-0.031,,,
,-0.05,,,,,0.0,-0.04,-0.029,,,
,-0.047,,,,,0.0,-0.038,-0.03,,,
,-0.044,,,,,0.0,-0.034,-0.026,,,
,-0.039,,,,,-0.005,-0.035,-0.024,,,
,-0.04,,,,,-0.005,-0.031,-0.025,,,
,-0.033,,,,,-0.004,-0.029,-0.024,,,
,-0.031,,,,,-0.009,-0.03,-0.02,,,
,-0.027,,,,,-0.009,-0.026,-0.019,,,
,-0.027,,,,,-0.01,-0.025,-0.02,,,
,-0.02,,,,,-0.01,-0.024,-0.015,,,
,-0.069,,,,,-0.026,-0.02,-0.014,,,
,-0.09,,,,,-0.025,-0.019,-0.014,,,
,-0.069,,,,,-0.024,-0.02,-0.015,,,
,-0.062,,,,,-0.025,-0.024,-0.022,,,
,-0.049,,,,,-0.025,-0.026,-0.026,,,
,-0.056,,,,,-0.022,-0.03,-0.032,,,
,-0.053,,,,,-0.019,-0.031,-0.034,,,
,-0.056,,,,,-0.02,-0.035,-0.028,,,
,-0.059,,,,,-0.019,-0.034,-0.03,,,
,-0.061,,,,,-0.019,-0.04,-0.029,,,
,-0.058,,,,,-0.014,-0.042,-0.03,,,
,-0.055,,,,,-0.015,-0.039,-0.029,,,
,-0.044,,,,,-0.014,-0.037,-0.027,,,
,-0.038,,,,,-0.015,-0.034,-0.023,,,
,-0.031,,,,,-0.013,-0.031,-0.026,,,
,-0.006,,,,,0.006,-0.029,-0.023,,,
,-0.019,,,,,0.024,-0.026,-0.027,,,
,-0.061,,,,,0.055,0.008,-0.021,,,
,-0.061,,,,,0.093,0.039,0.002,,,
,-0.019,,,,,0.111,0.117,0.094,,,
,-0.012,,,,,0.134,0.269,0.278,,,
,-0.019,,,,,0.127,0.462,0.494,,,
,0.023,,,,,0.116,0.647,0.748,,,
,0.134,,,,,0.073,0.811,1.052,,,
,0.315,,,,,-0.098,0.795,1.251,,,
,0.44,,,,,-0.294,0.631,1.136,,,
,0.404,,,,,-0.504,0.329,0.779,,,
,0.375,,,,,-0.601,-0.121,0.279,,,
,0.362,,,,,-0.562,-0.908,-0.62,,,
,0.341,,,,,-0.454,-1.576,-1.437,,,
,0.24,,,,,-0.32,-1.56,-1.523,,,
,0.122,,,,,-0.231,-1.336,-1.325,,,
,0.064,,,,,-0.169,-1.082,-1.062,,,
,0.068,,,,,-0.16,-0.831,-0.809,,,
,0.057,,,,,-0.121,-0.585,-0.573,,,
,0.056,,,,,-0.07,-0.336,-0.341,,,
,0.02,,,,,-0.041,-0.194,-0.197,,,
,-0.009,,,,,-0.011,-0.118,-0.132,,,
,-0.018,,,,,0.01,-0.085,-0.101,,,
,-0.031,,,,,0.037,-0.071,-0.076,,,
,-0.042,,,,,0.034,-0.059,-0.066,,,
,-0.065,,,,,0.035,-0.044,-0.061,,,
,-0.071,,,,,0.034,-0.035,-0.055,,,
,-0.074,,,,,0.035,-0.028,-0.05,,,
,-0.079,,,,,0.03,-0.019,-0.044,,,
,-0.078,,,,,0.03,-0.012,-0.039,,,
,-0.072,,,,,0.029,-0.005,-0.035,,,
,-0.071,,,,,0.03,-0.002,-0.034,,,
,-0.067,,,,,0.027,0.001,-0.034,,,
,-0.065,,,,,0.024,0.002,-0.031,,,
,-0.057,,,,,0.024,0.009,-0.029,,,
,-0.072,,,,,0.025,0.009,-0.03,,,
,-0.097,,,,,0.024,0.017,-0.022,,,
,-0.079,,,,,0.028,0.026,-0.012,,,
,-0.081,,,,,0.051,0.039,-0.005,,,
,-0.076,,,,,0.05,0.047,0.003,,,
,-0.075,,,,,0.049,0.065,0.015,,,
,-0.077,,,,,0.05,0.07,0.024,,,
,-0.081,,,,,0.049,0.074,0.031,,,
,-0.078,,,,,0.05,0.082,0.04,,,
,-0.083,,,,,0.049,0.097,0.047,,,
,-0.084,,,,,0.051,0.103,0.056,,,
,-0.085,,,,,0.047,0.121,0.068,,,
,-0.082,,,,,0.059,0.127,0.091,,,
,-0.076,,,,,0.068,0.123,0.11,,,
,-0.071,,,,,0.063,0.131,0.109,,,
,-0.069,,,,,0.066,0.158,0.114,,,
,-0.06,,,,,0.061,0.16,0.115,,,
,-0.058,,,,,0.059,0.16,0.119,,,
,-0.052,,,,,0.06,0.172,0.136,,,
,-0.042,,,,,0.06,0.189,0.146,,,
,-0.032,,,,,0.055,0.197,0.149,,,
,-0.02,,,,,0.054,0.193,0.147,,,
,-0.013,,,,,0.055,0.195,0.143,,,
,-0.009,,,,,0.05,0.194,0.145,,,
,-0.01,,,,,0.049,0.195,0.144,,,
,-0.007,,,,,0.05,0.194,0.143,,,
,-0.029,,,,,0.049,0.194,0.139,,,
,-0.059,,,,,0.044,0.189,0.14,,,
,-0.041,,,,,0.044,0.19,0.139,,,
,-0.038,,,,,0.039,0.189,0.14,,,
,-0.017,,,,,0.04,0.19,0.135,,,
,-0.048,,,,,0.036,0.189,0.135,,,
,-0.043,,,,,0.035,0.19,0.134,,,
,-0.021,,,,,0.03,0.188,0.135,,,
,0.0,,,,,0.029,0.174,0.134,,,
,0.013,,,,,0.028,0.161,0.129,,,
,0.007,,,,,0.021,0.148,0.121,,,
,-0.004,,,,,0.017,0.135,0.118,,,
,0.01,,,,,0.014,0.121,0.11,,,
,0.021,,,,,0.007,0.108,0.107,,,
,0.001,,,,,0.003,0.094,0.1,,,
,-0.008,,,,,0.0,0.081,0.09,,,
,0.018,,,,,-0.006,0.067,0.067,,,
,0.019,,,,,-0.015,0.055,0.05,,,
,-0.003,,,,,-0.009,0.04,0.027,,,
,-0.014,,,,,0.002,0.036,0.03,,,
,-0.036,,,,,0.014,0.03,0.028,,,
,-0.06,,,,,0.026,0.03,0.032,,,
,-0.044,,,,,0.046,0.026,0.03,,,
,-0.029,,,,,0.042,0.024,0.023,,,
,-0.013,,,,,0.033,0.02,0.021,,,
,-0.013,,,,,0.026,0.019,0.015,,,
,-0.015,,,,,0.017,0.014,0.009,,,
,-0.018,,,,,0.014,0.014,0.006,,,
,-0.02,,,,,0.015,0.009,0.002,,,
,-0.023,,,,,0.01,0.005,-0.001,,,
,-0.026,,,,,0.01,0.004,-0.004,,,
,-0.023,,,,,0.008,0.0,-0.006,,,
,-0.042,,,,,0.004,-0.004,-0.01,,,
,-0.051,,,,,0.005,-0.005,-0.012,,,
,-0.048,,,,,0.002,-0.008,-0.016,,,
,-0.05,,,,,0.0,-0.013,-0.017,,,
,-0.05,,,,,0.0,-0.015,-0.021,,,
,-0.061,,,,,-0.003,-0.018,-0.015,,,
,-0.076,,,,,-0.005,-0.02,-0.015,,,
,-0.056,,,,,-0.004,-0.015,-0.014,,,
,-0.042,,,,,-0.008,-0.015,-0.012,,,
,-0.026,,,,,-0.009,-0.014,-0.008,,,
,-0.048,,,,,-0.014,-0.011,-0.011,,,
,-0.051,,,,,-0.014,-0.009,-0.006,,,
,-0.048,,,,,-0.016,-0.01,-0.005,,,
,-0.051,,,,,-0.02,-0.008,-0.004,,,
,-0.047,,,,,-0.021,-0.005,-0.005,,,
,-0.045,,,,,-0.025,-0.004,-0.003,,,
,-0.044,,,,,-0.024,-0.005,0.0,,,
,-0.045,,,,,-0.021,0.0,0.0,,,
,-0.041,,,,,-0.019,0.0,0.0,,,
,-0.039,,,,,-0.02,0.0,0.0,,,
,-0.04,,,,,-0.015,-0.001,0.003,,,
,-0.039,,,,,-0.015,-0.004,0.005,,,
,-0.025,,,,,-0.014,-0.005,0.004,,,
,0.0,,,,,-0.014,-0.004,0.005,,,
,-0.002,,,,,-0.009,-0.007,0.004,,,
,-0.057,,,,,-0.01,-0.01,0.001,,,
,-0.05,,,,,-0.009,-0.01,0.0,,,
,-0.045,,,,,-0.006,-0.009,0.0,,,
,-0.034,,,,,-0.004,-0.013,-0.006,,,
,-0.029,,,,,-0.005,-0.015,-0.003,,,
,-0.018,,,,,-0.003,-0.015,-0.006,,,
,-0.013,,,,,0.002,-0.015,-0.009,,,
,-0.001,,,,,0.007,-0.01,-0.01,,,
,-0.01,,,,,0.009,-0.009,-0.012,,,
,-0.03,,,,,0.017,-0.01,-0.016,,,
,-0.049,,,,,0.021,-0.007,-0.014,,,
,-0.043,,,,,0.025,0.013,-0.006,,,
,-0.04,,,,,0.059,0.037,0.026,,,
,-0.056,,,,,0.086,0.073,0.042,,,
,-0.056,,,,,0.086,0.134,0.12,,,
,-0.017,,,,,0.113,0.275,0.293,,,
,-0.006,,,,,0.146,0.472,0.515,,,
,0.067,,,,,0.15,0.656,0.778,,,
,0.181,,,,,0.077,0.793,1.056,,,
,0.4,,,,,-0.064,0.811,1.274,,,
,0.501,,,,,-0.271,0.608,1.185,,,
,0.466,,,,,-0.478,0.311,0.84,,,
,0.467,,,,,-0.58,-0.092,0.38,,,
,0.445,,,,,-0.573,-0.875,-0.526,,,
,0.393,,,,,-0.481,-1.511,-1.361,,,
,0.239,,,,,-0.354,-1.531,-1.454,,,
,0.094,,,,,-0.254,-1.322,-1.314,,,
,0.062,,,,,-0.194,-1.053,-1.039,,,
,0.101,,,,,-0.168,-0.809,-0.781,,,
,0.069,,,,,-0.159,-0.581,-0.561,,,
,0.056,,,,,-0.105,-0.337,-0.327,,,
,0.023,,,,,-0.053,-0.166,-0.164,,,
,0.002,,,,,-0.038,-0.091,-0.096,,,
,-0.015,,,,,-0.021,-0.07,-0.075,,,
,-0.021,,,,,-0.006,-0.059,-0.062,,,
,-0.027,,,,,0.005,-0.044,-0.044,,,
,-0.009,,,,,0.006,-0.029,-0.032,,,
,0.015,,,,,0.012,-0.012,-0.029,,,
,-0.012,,,,,0.014,-0.001,-0.029,,,
,-0.068,,,,,0.017,0.007,-0.024,,,
,-0.055,,,,,0.02,0.01,-0.025,,,
,-0.063,,,,,0.025,0.018,-0.024,,,
,-0.052,,,,,0.029,0.019,-0.02,,,
,-0.058,,,,,0.031,0.01,-0.019,,,
,-0.05,,,,,0.034,0.004,-0.02,,,
,-0.051,,,,,0.036,0.017,-0.014,,,
,-0.048,,,,,0.039,0.04,-0.006,,,
,-0.05,,,,,0.041,0.055,-0.003,,,
,-0.042,,,,,0.045,0.054,0.003,,,
,-0.047,,,,,0.044,0.055,0.007,,,
,-0.038,,,,,0.04,0.054,0.013,,,
,-0.042,,,,,0.039,0.057,0.02,,,
,-0.036,,,,,0.04,0.079,0.04,,,
,-0.051,,,,,0.04,0.089,0.046,,,
,-0.077,,,,,0.039,0.094,0.055,,,
,-0.074,,,,,0.04,0.103,0.076,,,
,-0.069,,,,,0.039,0.113,0.081,,,
,-0.069,,,,,0.04,0.114,0.078,,,
,-0.062,,,,,0.039,0.116,0.082,,,
,-0.061,,,,,0.04,0.131,0.106,,,
,-0.058,,,,,0.039,0.139,0.113,,,
,-0.055,,,,,0.04,0.139,0.109,,,
,-0.049,,,,,0.038,0.144,0.108,,,
,-0.05,,,,,0.043,0.147,0.116,,,
,-0.044,,,,,0.077,0.18,0.153,,,
,-0.044,,,,,0.074,0.178,0.147,,,
,-0.039,,,,,0.075,0.181,0.146,,,
,-0.039,,,,,0.075,0.177,0.142,,,
,-0.034,,,,,0.071,0.197,0.139,,,
,-0.034,,,,,0.069,0.199,0.134,,,
,-0.028,,,,,0.07,0.188,0.134,,,
,-0.031,,,,,0.069,0.182,0.128,,,
,-0.024,,,,,0.065,0.172,0.126,,,
,-0.025,,,,,0.064,0.16,0.123,,,
,-0.018,,,,,0.065,0.153,0.121,,,
,-0.021,,,,,0.064,0.144,0.117,,,
,-0.015,,,,,0.059,0.137,0.116,,,
,-0.015,,,,,0.055,0.134,0.112,,,
,-0.01,,,,,0.051,0.135,0.111,,,
,-0.01,,,,,0.047,0.134,0.107,,,
,-0.008,,,,,0.043,0.135,0.105,,,
,-0.005,,,,,0.04,0.134,0.101,,,
,-0.004,,,,,0.044,0.134,0.1,,,
,-0.004,,,,,0.045,0.124,0.096,,,
,-0.013,,,,,0.049,0.12,0.095,,,
,-0.053,,,,,0.051,0.114,0.09,,,
,-0.046,,,,,0.054,0.11,0.09,,,
,-0.04,,,,,0.055,0.104,0.085,,,
,-0.029,,,,,0.047,0.099,0.085,,,
,-0.028,,,,,0.037,0.086,0.081,,,
,-0.007,,,,,0.026,0.069,0.065,,,
,0.003,,,,,0.016,0.053,0.048,,,
,0.026,,,,,0.01,0.042,0.034,,,
,0.018,,,,,0.009,0.026,0.018,,,
,0.0,,,,,0.01,0.011,0.0,,,
,-0.026,,,,,0.009,-0.005,-0.018,,,
,-0.063,,,,,0.01,-0.018,-0.036,,,
,-0.065,,,,,0.008,-0.021,-0.045,,,
,-0.063,,,,,0.004,-0.025,-0.044,,,
,-0.067,,,,,0.005,-0.029,-0.045,,,
,-0.069,,,,,0.004,-0.033,-0.045,,,
,-0.071,,,,,0.005,-0.037,-0.053,,,
,-0.067,,,,,0.004,-0.041,-0.059,,,
,-0.056,,,,,0.008,-0.045,-0.066,,,
,-0.047,,,,,0.017,-0.044,-0.066,,,
,-0.04,,,,,0.023,-0.045,-0.063,,,
,-0.032,,,,,0.019,-0.044,-0.06,,,
,-0.079,,,,,0.02,-0.045,-0.058,,,
,-0.079,,,,,0.019,-0.044,-0.055,,,
,-0.075,,,,,0.014,-0.045,-0.053,,,
,-0.073,,,,,0.014,-0.044,-0.049,,,
,-0.07,,,,,0.015,-0.045,-0.047,,,
,-0.064,,,,,0.013,-0.044,-0.043,,,
,-0.065,,,,,0.009,-0.045,-0.042,,,
,-0.059,,,,,0.01,-0.044,-0.038,,,
,-0.056,,,,,0.009,-0.045,-0.037,,,
,-0.053,,,,,0.004,-0.041,-0.033,,,
,-0.051,,,,,0.005,-0.034,-0.034,,,
,-0.047,,,,,0.004,-0.025,-0.028,,,
,-0.046,,,,,0.006,-0.02,-0.031,,,
,-0.042,,,,,0.011,-0.015,-0.028,,,
,-0.041,,,,,0.014,-0.006,-0.031,,,
,-0.037,,,,,0.015,-0.008,-0.028,,,
,-0.036,,,,,0.014,-0.028,-0.032,,,
,-0.031,,,,,0.015,-0.024,-0.026,,,
,-0.031,,,,,0.014,-0.025,-0.026,,,
,-0.025,,,,,0.015,-0.024,-0.023,,,
,-0.025,,,,,0.015,-0.026,-0.026,,,
,-0.02,,,,,0.014,-0.023,-0.023,,,
,-0.021,,,,,0.015,-0.026,-0.026,,,
,-0.014,,,,,0.014,-0.023,-0.022,,,
,-0.017,,,,,0.015,-0.026,-0.029,,,
,-0.008,,,,,0.014,-0.023,-0.028,,,
,0.002,,,,,0.015,-0.026,-0.031,,,
,-0.007,,,,,0.014,-0.023,-0.027,,,
,-0.011,,,,,0.016,-0.026,-0.032,,,
,-0.017,,,,,0.036,-0.023,-0.027,,,
,-0.022,,,,,0.055,-0.024,-0.031,,,
,-0.028,,,,,0.076,0.005,-0.016,,,
,-0.029,,,,,0.094,0.021,-0.02,,,
,-0.044,,,,,0.121,0.075,0.048,,,
,-0.037,,,,,0.134,0.218,0.194,,,
,0.023,,,,,0.157,0.429,0.445,,,
,0.043,,,,,0.152,0.581,0.68,,,
,0.148,,,,,0.105,0.729,0.961,,,
,0.385,,,,,-0.02,0.681,1.134,,,
,0.525,,,,,-0.267,0.488,1.108,,,
,0.431,,,,,-0.473,0.283,0.872,,,
,0.337,,,,,-0.634,-0.111,0.363,,,
,0.293,,,,,-0.653,-0.941,-0.575,,,
,0.235,,,,,-0.541,-1.698,-1.559,,,
,0.136,,,,,-0.451,-1.744,-1.718,,,
,0.093,,,,,-0.36,-1.468,-1.429,,,
,0.084,,,,,-0.269,-1.089,-1.037,,,
,0.063,,,,,-0.199,-0.763,-0.731,,,
,0.054,,,,,-0.158,-0.485,-0.478,,,
,0.032,,,,,-0.087,-0.279,-0.292,,,
,0.018,,,,,-0.032,-0.163,-0.177,,,
,0.002,,,,,-0.006,-0.107,-0.133,,,
,-0.019,,,,,0.009,-0.062,-0.108,,,
,-0.058,,,,,0.024,-0.057,-0.086,,,
,-0.059,,,,,0.041,-0.042,-0.077,,,
,-0.06,,,,,0.04,-0.035,-0.076,,,
,-0.059,,,,,0.039,-0.025,-0.073,,,
,-0.06,,,,,0.039,-0.024,-0.071,,,
,-0.059,,,,,0.04,-0.017,-0.065,,,
,-0.061,,,,,0.039,-0.016,-0.065,,,
,-0.085,,,,,0.04,-0.012,-0.06,,,
,-0.085,,,,,0.039,-0.009,-0.057,,,
,-0.084,,,,,0.04,-0.004,-0.054,,,
,-0.084,,,,,0.038,-0.001,-0.051,,,
,-0.079,,,,,0.041,0.0,-0.049,,,
,-0.08,,,,,0.037,0.004,-0.045,,,
,-0.08,,,,,0.061,0.014,-0.035,,,
,-0.078,,,,,0.077,0.021,-0.028,,,
,-0.074,,,,,0.073,0.03,-0.019,,,
,-0.075,,,,,0.075,0.035,-0.012,,,
,-0.072,,,,,0.076,0.039,-0.003,,,
,-0.07,,,,,0.08,0.052,0.002,,,
,-0.069,,,,,0.079,0.057,0.009,,,
,-0.071,,,,,0.079,0.07,0.02,,,
,-0.062,,,,,0.082,0.091,0.027,,,
,-0.041,,,,,0.085,0.105,0.036,,,
,-0.025,,,,,0.085,0.107,0.045,,,
,-0.003,,,,,0.084,0.115,0.063,,,
,-0.021,,,,,0.104,0.147,0.084,,,
,-0.009,,,,,0.106,0.155,0.095,,,
,0.02,,,,,0.104,0.154,0.105,,,
,0.024,,,,,0.102,0.154,0.105,,,
,0.012,,,,,0.099,0.156,0.104,,,
,0.001,,,,,0.099,0.172,0.123,,,
,-0.008,,,,,0.094,0.175,0.126,,,
,-0.019,,,,,0.095,0.174,0.124,,,
,-0.033,,,,,0.093,0.174,0.124,,,
,-0.037,,,,,0.09,0.18,0.129,,,
,-0.034,,,,,0.089,0.188,0.158,,,
,-0.035,,,,,0.087,0.18,0.151,,,
,-0.035,,,,,0.083,0.181,0.146,,,
,-0.034,,,,,0.086,0.175,0.14,,,
,-0.029,,,,,0.082,0.175,0.135,,,
,-0.029,,,,,0.079,0.17,0.129,,,
,-0.029,,,,,0.08,0.17,0.123,,,
,-0.03,,,,,0.078,0.165,0.12,,,
,-0.023,,,,,0.074,0.165,0.118,,,
,-0.01,,,,,0.075,0.159,0.115,,,
,0.0,,,,,0.074,0.156,0.113,,,
,0.012,,,,,0.072,0.151,0.11,,,
,-0.007,,,,,0.068,0.15,0.108,,,
,0.017,,,,,0.071,0.146,0.105,,,
,0.047,,,,,0.067,0.143,0.102,,,
,0.044,,,,,0.064,0.138,0.1,,,
,0.018,,,,,0.064,0.135,0.096,,,
,0.003,,,,,0.065,0.131,0.094,,,
,-0.02,,,,,0.06,0.12,0.088,,,
,-0.001,,,,,0.054,0.112,0.076,,,
,-0.051,,,,,0.051,0.105,0.07,,,
,-0.052,,,,,0.046,0.092,0.061,,,
,-0.032,,,,,0.04,0.07,0.048,,,
,-0.015,,,,,0.036,0.051,0.031,,,
,-0.014,,,,,0.032,0.031,0.016,,,
,-0.048,,,,,0.028,0.015,0.004,,,
,-0.044,,,,,0.025,0.006,-0.008,,,
,-0.044,,,,,0.023,0.0,-0.019,,,
,-0.038,,,,,0.02,-0.009,-0.033,,,
,-0.041,,,,,0.018,-0.016,-0.036,,,
,-0.035,,,,,0.014,-0.026,-0.038,,,
,-0.035,,,,,0.013,-0.027,-0.059,,,
,-0.029,,,,,0.007,-0.024,-0.053,,,
,-0.03,,,,,0.005,-0.025,-0.056,,,
,-0.027,,,,,0.002,-0.024,-0.054,,,
,-0.024,,,,,0.0,-0.025,-0.055,,,
,-0.024,,,,,-0.002,-0.024,-0.054,,,
,-0.032,,,,,-0.005,-0.025,-0.055,,,
,-0.072,,,,,-0.001,-0.021,-0.051,,,
,-0.074,,,,,0.0,-0.019,-0.049,,,
,-0.063,,,,,0.0,-0.02,-0.049,,,
,-0.057,,,,,0.0,-0.019,-0.05,,,
,-0.052,,,,,0.001,-0.02,-0.05,,,
,-0.05,,,,,0.005,-0.019,-0.049,,,
,-0.049,,,,,0.004,-0.02,-0.05,,,
,-0.05,,,,,0.005,-0.015,-0.045,,,
,-0.046,,,,,0.004,-0.015,-0.044,,,
,-0.044,,,,,0.009,-0.014,-0.044,,,
,-0.045,,,,,0.01,-0.015,-0.045,,,
,-0.044,,,,,0.01,-0.014,-0.042,,,
,-0.041,,,,,0.01,-0.015,-0.039,,,
,-0.039,,,,,0.01,-0.014,-0.04,,,
,-0.04,,,,,0.005,-0.011,-0.04,,,
,-0.039,,,,,0.004,-0.009,-0.039,,,
,-0.04,,,,,0.005,-0.01,-0.035,,,
,-0.039,,,,,0.004,-0.009,-0.034,,,
,-0.04,,,,,0.005,-0.01,-0.035,,,
,-0.039,,,,,0.004,-0.009,-0.034,,,
,-0.04,,,,,0.005,-0.011,-0.035,,,
,-0.039,,,,,0.004,-0.013,-0.028,,,
,-0.04,,,,,0.005,-0.019,-0.03,,,
,-0.039,,,,,0.005,-0.019,-0.021,,,
,-0.04,,,,,0.004,-0.025,-0.033,,,
,-0.039,,,,,0.005,-0.026,-0.048,,,
,-0.04,,,,,0.004,-0.031,-0.044,,,
,-0.038,,,,,0.006,-0.023,-0.041,,,
,-0.041,,,,,0.026,-0.019,-0.04,,,
,-0.036,,,,,0.042,-0.006,-0.035,,,
,-0.036,,,,,0.057,-0.003,-0.035,,,
,-0.032,,,,,0.077,0.032,-0.033,,,
,-0.071,,,,,0.109,0.051,-0.019,,,
,-0.056,,,,,0.13,0.131,0.076,,,
,-0.035,,,,,0.159,0.31,0.243,,,
,0.009,,,,,0.139,0.5,0.497,,,
,0.07,,,,,0.13,0.672,0.763,,,
,0.185,,,,,0.062,0.738,1.01,,,
,0.43,,,,,-0.141,0.589,1.072,,,
,0.515,,,,,-0.372,0.412,0.992,,,
,0.412,,,,,-0.548,0.165,0.648,,,
,0.318,,,,,-0.671,-0.393,0.021,,,
,0.222,,,,,-0.617,-1.328,-1.044,,,
,0.123,,,,,-0.501,-1.835,-1.749,,,
,0.055,,,,,-0.421,-1.678,-1.643,,,
,0.045,,,,,-0.33,-1.34,-1.294,,,
,0.04,,,,,-0.264,-0.969,-0.914,,,
,0.035,,,,,-0.201,-0.657,-0.623,,,
,0.029,,,,,-0.132,-0.384,-0.376,,,
,0.025,,,,,-0.054,-0.197,-0.208,,,
,0.017,,,,,-0.024,-0.098,-0.114,,,
,-0.003,,,,,0.007,-0.07,-0.093,,,
,-0.037,,,,,0.035,-0.042,-0.079,,,
,-0.036,,,,,0.041,-0.028,-0.07,,,
,-0.056,,,,,0.038,-0.021,-0.056,,,
,-0.082,,,,,0.041,-0.02,-0.055,,,
,-0.086,,,,,0.038,-0.013,-0.048,,,
,-0.083,,,,,0.041,-0.012,-0.047,,,
,-0.08,,,,,0.039,-0.005,-0.04,,,
,-0.078,,,,,0.04,-0.004,-0.039,,,
,-0.074,,,,,0.039,0.002,-0.032,,,
,-0.074,,,,,0.04,0.002,-0.032,,,
,-0.1,,,,,0.039,0.014,-0.024,,,
,-0.092,,,,,0.04,0.024,-0.023,,,
,-0.071,,,,,0.039,0.039,-0.011,,,
,-0.061,,,,,0.04,0.048,-0.011,,,
,-0.044,,,,,0.041,0.056,-0.001,,,
,-0.036,,,,,0.051,0.057,0.0,,,
,-0.04,,,,,0.054,0.063,0.009,,,
,-0.057,,,,,0.056,0.066,0.011,,,
,-0.054,,,,,0.052,0.08,0.029,,,
,-0.055,,,,,0.061,0.085,0.04,,,
,-0.053,,,,,0.071,0.095,0.05,,,
,-0.05,,,,,0.069,0.098,0.051,,,
,-0.049,,,,,0.07,0.113,0.058,,,
,-0.05,,,,,0.069,0.106,0.058,,,
,-0.047,,,,,0.07,0.116,0.061,,,
,-0.044,,,,,0.068,0.121,0.064,,,
,-0.045,,,,,0.08,0.157,0.095,,,
,-0.043,,,,,0.092,0.176,0.117,,,
,-0.039,,,,,0.088,0.177,0.123,,,
,-0.04,,,,,0.091,0.181,0.127,,,
,-0.039,,,,,0.089,0.19,0.131,,,
,-0.035,,,,,0.09,0.193,0.135,,,
,-0.017,,,,,0.089,0.197,0.138,,,
,-0.01,,,,,0.09,0.198,0.147,,,
,0.013,,,,,0.089,0.204,0.153,,,
,-0.022,,,,,,,,0.029,-0.025,-0.04
,-0.03,,,,,,,,0.03,-0.022,-0.04
,0.015,,,,,,,,0.029,-0.019,-0.038
,0.004,,,,,,,,0.031,-0.019,-0.034
,0.0,,,,,,,,0.028,-0.014,-0.035
,-0.007,,,,,,,,0.031,-0.014,-0.033
,-0.011,,,,,,,,0.028,-0.012,-0.029
,-0.022,,,,,,,,0.031,-0.007,-0.03
,-0.024,,,,,,,,0.028,-0.004,-0.026
,-0.02,,,,,,,,0.031,0.0,-0.024
,-0.016,,,,,,,,0.026,0.003,-0.025
,-0.014,,,,,,,,0.042,0.008,-0.021
,-0.011,,,,,,,,0.055,0.011,-0.019
,-0.004,,,,,,,,0.055,0.017,-0.019
,-0.007,,,,,,,,0.053,0.017,-0.014
,0.024,,,,,,,,0.074,0.047,-0.015
,0.045,,,,,,,,0.073,0.05,-0.015
,0.015,,,,,,,,0.067,0.045,-0.01
,0.0,,,,,,,,0.064,0.042,-0.009
,-0.026,,,,,,,,0.06,0.037,-0.01
,-0.021,,,,,,,,0.054,0.033,-0.005
,-0.008,,,,,,,,0.049,0.029,-0.005
,-0.004,,,,,,,,0.045,0.025,0.0
,-0.044,,,,,,,,0.042,0.022,0.0
,-0.044,,,,,,,,0.035,0.015,-0.005
,-0.045,,,,,,,,0.021,0.005,-0.008
,-0.044,,,,,,,,0.008,-0.005,-0.013
,-0.041,,,,,,,,-0.005,-0.016,-0.015
,-0.039,,,,,,,,-0.017,-0.023,-0.018
,-0.039,,,,,,,,-0.027,-0.025,-0.02
,-0.059,,,,,,,,-0.038,-0.025,-0.02
,-0.072,,,,,,,,-0.048,-0.03,-0.025
,-0.067,,,,,,,,-0.045,-0.029,-0.025
,-0.071,,,,,,,,-0.045,-0.033,-0.03
,-0.068,,,,,,,,-0.044,-0.035,-0.029
,-0.075,,,,,,,,-0.045,-0.034,-0.034
,-0.073,,,,,,,,-0.044,-0.038,-0.034
,-0.076,,,,,,,,-0.045,-0.04,-0.035
,-0.074,,,,,,,,-0.044,-0.04,-0.034
,-0.073,,,,,,,,-0.046,-0.038,-0.037
,-0.053,,,,,,,,-0.041,-0.034,-0.04
,-0.046,,,,,,,,-0.056,-0.035,-0.04
,-0.024,,,,,,,,-0.069,-0.034,-0.039
,-0.043,,,,,,,,-0.059,-0.034,-0.04
,-0.081,,,,,,,,-0.059,-0.029,-0.045
,-0.069,,,,,,,,-0.052,-0.03,-0.045
,-0.06,,,,,,,,-0.051,-0.029,-0.044
,-0.046,,,,,,,,-0.043,-0.03,-0.045
,-0.061,,,,,,,,-0.049,-0.026,-0.044
,-0.066,,,,,,,,-0.049,-0.024,-0.039
,-0.052,,,,,,,,-0.05,-0.025,-0.04
,-0.049,,,,,,,,-0.049,-0.025,-0.037
,-0.038,,,,,,,,-0.05,-0.024,-0.034
,-0.06,,,,,,,,-0.049,-0.025,-0.034
,-0.058,,,,,,,,-0.05,-0.024,-0.029
,-0.05,,,,,,,,-0.053,-0.025,-0.03
,-0.041,,,,,,,,-0.056,-0.024,-0.029
,-0.034,,,,,,,,-0.054,-0.025,-0.025
,-0.028,,,,,,,,-0.055,-0.024,-0.025
,-0.031,,,,,,,,-0.054,-0.025,-0.023
,-0.028,,,,,,,,-0.055,-0.024,-0.019
,-0.031,,,,,,,,-0.053,-0.025,-0.02
,-0.024,,,,,,,,-0.06,-0.024,-0.02
,-0.026,,,,,,,,-0.058,-0.025,-0.026
,-0.023,,,,,,,,-0.062,-0.024,-0.023
,-0.025,,,,,,,,-0.064,-0.025,-0.025
,-0.029,,,,,,,,-0.065,-0.023,-0.026
,-0.055,,,,,,,,-0.065,-0.03,-0.032
,-0.047,,,,,,,,-0.071,-0.027,-0.027
,-0.052,,,,,,,,-0.068,-0.04,-0.039
,-0.046,,,,,,,,-0.073,-0.059,-0.052
,-0.053,,,,,,,,-0.123,-0.1,-0.082
,-0.046,,,,,,,,-0.149,-0.132,-0.074
,-0.053,,,,,,,,-0.078,-0.076,-0.055
,-0.018,,,,,,,,0.138,0.067,-0.019
,-0.009,,,,,,,,0.41,0.252,0.064
,0.064,,,,,,,,0.694,0.44,0.159
,0.218,,,,,,,,1.182,0.797,0.382
,0.427,,,,,,,,1.639,1.199,0.654
,0.486,,,,,,,,1.691,1.316,0.781
,0.383,,,,,,,,1.205,1.028,0.717
,0.289,,,,,,,,0.583,0.636,0.598
,0.221,,,,,,,,-0.323,0.078,0.395
,0.11,,,,,,,,-0.957,-0.327,0.203
,0.036,,,,,,,,-0.993,-0.412,0.092
,0.074,,,,,,,,-0.844,-0.395,0.041
,0.059,,,,,,,,-0.635,-0.338,0.025
,0.069,,,,,,,,-0.444,-0.242,0.001
,0.061,,,,,,,,-0.299,-0.166,-0.018
,0.041,,,,,,,,-0.204,-0.133,-0.034
,0.012,,,,,,,,-0.146,-0.129,-0.045
,-0.007,,,,,,,,-0.138,-0.13,-0.043
,-0.029,,,,,,,,-0.131,-0.125,-0.051
,-0.048,,,,,,,,-0.13,-0.125,-0.063
,-0.027,,,,,,,,-0.122,-0.123,-0.058
,-0.046,,,,,,,,-0.119,-0.119,-0.061
,-0.077,,,,,,,,-0.114,-0.12,-0.058
,-0.065,,,,,,,,-0.11,-0.118,-0.061
,-0.072,,,,,,,,-0.108,-0.114,-0.057
,-0.061,,,,,,,,-0.105,-0.114,-0.066
,-0.067,,,,,,,,-0.104,-0.111,-0.072
,-0.059,,,,,,,,-0.102,-0.109,-0.069
,-0.061,,,,,,,,-0.098,-0.11,-0.07
,-0.059,,,,,,,,-0.1,-0.106,-0.069
,-0.059,,,,,,,,-0.094,-0.105,-0.07
,-0.052,,,,,,,,-0.094,-0.1,-0.07
,-0.057,,,,,,,,-0.089,-0.1,-0.07
,-0.048,,,,,,,,-0.091,-0.098,-0.065
,-0.052,,,,,,,,-0.085,-0.095,-0.064
,-0.047,,,,,,,,-0.085,-0.093,-0.065
,-0.074,,,,,,,,-0.082,-0.089,-0.064
,-0.066,,,,,,,,-0.072,-0.09,-0.065
,-0.056,,,,,,,,-0.062,-0.085,-0.064
,-0.039,,,,,,,,-0.05,-0.081,-0.064
,-0.041,,,,,,,,-0.042,-0.079,-0.059
,-0.047,,,,,,,,-0.035,-0.076,-0.06
,-0.036,,,,,,,,-0.032,-0.071,-0.059
,-0.029,,,,,,,,-0.028,-0.07,-0.055
,-0.02,,,,,,,,-0.021,-0.065,-0.054
,-0.005,,,,,,,,-0.017,-0.059,-0.055
,0.005,,,,,,,,-0.013,-0.056,-0.053
,0.021,,,,,,,,-0.009,-0.051,-0.05
,0.028,,,,,,,,-0.005,-0.045,-0.049
,0.014,,,,,,,,-0.002,-0.041,-0.049
,0.004,,,,,,,,0.003,-0.037,-0.044
,-0.01,,,,,,,,0.005,-0.033,-0.045
,-0.008,,,,,,,,0.007,-0.03,-0.043
,0.018,,,,,,,,0.01,-0.028,-0.047
,0.014,,,,,,,,0.01,-0.025,-0.046
,-0.028,,,,,,,,0.015,-0.023,-0.044
,-0.055,,,,,,,,0.015,-0.019,-0.041
,-0.048,,,,,,,,0.02,-0.017,-0.039
,-0.037,,,,,,,,0.018,-0.014,-0.035
,-0.032,,,,,,,,0.028,-0.011,-0.035
,-0.018,,,,,,,,0.034,-0.003,-0.033
,0.005,,,,,,,,0.052,-0.002,-0.028
,0.054,,,,,,,,0.069,0.003,-0.024
,0.062,,,,,,,,0.069,0.009,-0.02
,0.059,,,,,,,,0.07,0.013,-0.017
,0.055,,,,,,,,0.071,0.016,-0.012
,0.055,,,,,,,,0.075,0.024,-0.009
,0.051,,,,,,,,0.074,0.027,-0.004
,0.05,,,,,,,,0.074,0.031,-0.001
,0.046,,,,,,,,0.066,0.037,0.004
,0.045,,,,,,,,0.063,0.043,0.01
,0.042,,,,,,,,0.055,0.043,0.014
,0.023,,,,,,,,0.052,0.029,0.02
,0.007,,,,,,,,0.043,0.012,0.015
,-0.007,,,,,,,,0.037,-0.001,0.012
,-0.027,,,,,,,,0.032,-0.015,0.007
,-0.046,,,,,,,,0.025,-0.027,0.004
,-0.037,,,,,,,,0.016,-0.025,0.0
,-0.023,,,,,,,,0.013,-0.023,0.0
,-0.013,,,,,,,,0.008,-0.019,-0.006
,-0.002,,,,,,,,0.005,-0.019,-0.008
,-0.019,,,,,,,,0.003,-0.016,-0.014
,-0.005,,,,,,,,0.0,-0.014,-0.016
,0.009,,,,,,,,-0.005,-0.011,-0.022
,-0.007,,,,,,,,-0.004,-0.007,-0.013
,-0.014,,,,,,,,-0.012,-0.021,-0.026
,-0.024,,,,,,,,-0.018,-0.033,-0.038
,-0.009,,,,,,,,-0.023,-0.028,-0.033
,-0.033,,,,,,,,-0.029,-0.03,-0.035
,-0.04,,,,,,,,-0.034,-0.029,-0.035
,-0.018,,,,,,,,-0.04,-0.03,-0.033
,-0.063,,,,,,,,-0.043,-0.029,-0.029
,-0.064,,,,,,,,-0.045,-0.03,-0.03
,-0.053,,,,,,,,-0.044,-0.025,-0.029
,-0.046,,,,,,,,-0.045,-0.025,-0.029
,-0.037,,,,,,,,-0.044,-0.024,-0.024
,-0.029,,,,,,,,-0.045,-0.025,-0.025
,-0.022,,,,,,,,-0.05,-0.024,-0.024
,-0.012,,,,,,,,-0.049,-0.025,-0.025
,-0.034,,,,,,,,-0.05,-0.025,-0.025
,-0.065,,,,,,,,-0.049,-0.031,-0.03
,-0.053,,,,,,,,-0.049,-0.04,-0.028
,-0.051,,,,,,,,-0.052,-0.045,-0.04
,-0.043,,,,,,,,-0.056,-0.044,-0.047
,-0.039,,,,,,,,-0.054,-0.045,-0.043
,-0.033,,,,,,,,-0.055,-0.044,-0.046
,-0.027,,,,,,,,-0.054,-0.045,-0.04
,-0.007,,,,,,,,-0.055,-0.045,-0.04
,0.019,,,,,,,,-0.054,-0.044,-0.039
,0.017,,,,,,,,-0.055,-0.045,-0.04
,0.002,,,,,,,,-0.054,-0.044,-0.034
,-0.009,,,,,,,,-0.055,-0.045,-0.035
,-0.024,,,,,,,,-0.054,-0.044,-0.034
,-0.055,,,,,,,,-0.055,-0.045,-0.031
,-0.051,,,,,,,,-0.054,-0.044,-0.029
,-0.045,,,,,,,,-0.055,-0.045,-0.03
,-0.04,,,,,,,,-0.05,-0.04,-0.029
,-0.034,,,,,,,,-0.05,-0.04,-0.031
,-0.029,,,,,,,,-0.048,-0.039,-0.028
,-0.023,,,,,,,,-0.051,-0.04,-0.031
,-0.013,,,,,,,,-0.046,-0.039,-0.028
,-0.005,,,,,,,,-0.045,-0.04,-0.031
,0.003,,,,,,,,-0.043,-0.039,-0.028
,0.006,,,,,,,,-0.046,-0.041,-0.032
,-0.016,,,,,,,,-0.042,-0.038,-0.03
,-0.04,,,,,,,,-0.087,-0.074,-0.066
,-0.061,,,,,,,,-0.122,-0.116,-0.097
,-0.044,,,,,,,,-0.102,-0.096,-0.085
,-0.012,,,,,,,,0.023,-0.012,-0.044
,-0.002,,,,,,,,0.25,0.138,0.012
,0.039,,,,,,,,0.527,0.326,0.097
,0.056,,,,,,,,0.845,0.527,0.198
,0.227,,,,,,,,1.327,0.892,0.437
,0.461,,,,,,,,1.713,1.254,0.714
,0.46,,,,,,,,1.547,1.21,0.772
,0.368,,,,,,,,1.048,0.932,0.72
,0.311,,,,,,,,0.402,0.531,0.6
,0.312,,,,,,,,-0.456,0.017,0.408
,0.229,,,,,,,,-0.882,-0.278,0.237
,0.123,,,,,,,,-0.882,-0.372,0.098
,0.084,,,,,,,,-0.795,-0.405,-0.004
,0.08,,,,,,,,-0.617,-0.338,-0.017
,0.051,,,,,,,,-0.456,-0.272,-0.038
,0.067,,,,,,,,-0.29,-0.172,-0.043
,0.066,,,,,,,,-0.196,-0.122,-0.046
,0.015,,,,,,,,-0.169,-0.126,-0.048
,0.0,,,,,,,,-0.156,-0.124,-0.053
,-0.022,,,,,,,,-0.138,-0.125,-0.065
,-0.041,,,,,,,,-0.128,-0.123,-0.064
,-0.055,,,,,,,,-0.124,-0.119,-0.065
,-0.054,,,,,,,,-0.123,-0.12,-0.063
,-0.068,,,,,,,,-0.118,-0.119,-0.068
,-0.088,,,,,,,,-0.12,-0.12,-0.083
,-0.065,,,,,,,,-0.114,-0.115,-0.078
,-0.053,,,,,,,,-0.114,-0.115,-0.081
,-0.034,,,,,,,,-0.109,-0.114,-0.079
,-0.04,,,,,,,,-0.11,-0.115,-0.08
,-0.041,,,,,,,,-0.106,-0.114,-0.079
,-0.038,,,,,,,,-0.104,-0.11,-0.08
,-0.035,,,,,,,,-0.104,-0.106,-0.076
,-0.033,,,,,,,,-0.097,-0.102,-0.075
,-0.028,,,,,,,,-0.091,-0.098,-0.074
,-0.031,,,,,,,,-0.087,-0.094,-0.075
,-0.068,,,,,,,,-0.08,-0.09,-0.074
,-0.07,,,,,,,,-0.076,-0.086,-0.075
,-0.063,,,,,,,,-0.069,-0.084,-0.075
,-0.065,,,,,,,,-0.065,-0.081,-0.078
,-0.058,,,,,,,,-0.058,-0.079,-0.083
,-0.056,,,,,,,,-0.057,-0.078,-0.084
,-0.054,,,,,,,,-0.05,-0.074,-0.076
,-0.06,,,,,,,,-0.045,-0.073,-0.073
,-0.059,,,,,,,,-0.04,-0.068,-0.065
,-0.066,,,,,,,,-0.037,-0.07,-0.062
,-0.062,,,,,,,,-0.028,-0.063,-0.058
,-0.059,,,,,,,,-0.02,-0.057,-0.061
,-0.054,,,,,,,,-0.014,-0.052,-0.057
,-0.051,,,,,,,,-0.011,-0.046,-0.054
,-0.046,,,,,,,,-0.009,-0.041,-0.054
,-0.043,,,,,,,,-0.01,-0.035,-0.055
,-0.038,,,,,,,,-0.009,-0.031,-0.051
,-0.035,,,,,,,,-0.01,-0.029,-0.049
,-0.034,,,,,,,,-0.009,-0.029,-0.05
,-0.033,,,,,,,,-0.01,-0.03,-0.046
,-0.028,,,,,,,,-0.009,-0.025,-0.044
,-0.032,,,,,,,,-0.01,-0.025,-0.045
,-0.026,,,,,,,,-0.009,-0.025,-0.044
,-0.025,,,,,,,,-0.01,-0.024,-0.04
,-0.024,,,,,,,,-0.009,-0.019,-0.039
,-0.021,,,,,,,,-0.01,-0.02,-0.035
,-0.018,,,,,,,,-0.008,-0.019,-0.034
,-0.022,,,,,,,,0.001,-0.018,-0.03
,-0.009,,,,,,,,0.011,-0.009,-0.03
,0.005,,,,,,,,0.022,-0.001,-0.026
,0.019,,,,,,,,0.031,0.005,-0.024
,0.0,,,,,,,,0.038,0.011,-0.021
,0.037,,,,,,,,0.052,0.03,-0.019
,0.037,,,,,,,,0.054,0.037,-0.016
,0.012,,,,,,,,0.055,0.035,-0.014
,-0.007,,,,,,,,0.053,0.032,-0.013
,-0.027,,,,,,,,0.057,0.03,-0.009
,-0.017,,,,,,,,0.072,0.027,-0.01
,0.001,,,,,,,,0.069,0.025,-0.009
,0.013,,,,,,,,0.064,0.021,-0.004
,0.033,,,,,,,,0.061,0.019,-0.005
,0.02,,,,,,,,0.052,0.016,-0.002
,0.074,,,,,,,,0.037,0.014,0.01
,0.058,,,,,,,,0.024,0.011,-0.004
,0.04,,,,,,,,0.01,0.009,-0.015
,-0.019,,,,,,,,0.0,0.0,-0.031
,-0.057,,,,,,,,-0.012,-0.012,-0.035
,-0.044,,,,,,,,-0.024,-0.024,-0.034
,-0.045,,,,,,,,-0.035,-0.035,-0.035
,-0.038,,,,,,,,-0.043,-0.04,-0.034
,-0.057,,,,,,,,-0.049,-0.039,-0.035
,-0.041,,,,,,,,-0.05,-0.04,-0.034
,-0.032,,,,,,,,-0.054,-0.039,-0.035
,-0.013,,,,,,,,-0.056,-0.044,-0.034
,-0.015,,,,,,,,-0.059,-0.044,-0.035
,-0.029,,,,,,,,-0.061,-0.045,-0.034
,-0.023,,,,,,,,-0.064,-0.043,-0.035
,-0.027,,,,,,,,-0.066,-0.047,-0.033
,-0.02,,,,,,,,-0.07,-0.049,-0.037
,-0.043,,,,,,,,-0.069,-0.053,-0.043
,-0.044,,,,,,,,-0.065,-0.053,-0.051
,-0.064,,,,,,,,-0.065,-0.068,-0.063
,-0.073,,,,,,,,-0.063,-0.07,-0.058
,-0.056,,,,,,,,-0.059,-0.062,-0.056
,-0.055,,,,,,,,-0.06,-0.061,-0.054
,-0.041,,,,,,,,-0.055,-0.053,-0.054
,-0.041,,,,,,,,-0.055,-0.049,-0.048
,-0.038,,,,,,,,-0.054,-0.045,-0.05
,-0.04,,,,,,,,-0.051,-0.04,-0.045
,-0.033,,,,,,,,-0.049,-0.039,-0.045
,-0.036,,,,,,,,-0.048,-0.04,-0.04
,-0.033,,,,,,,,-0.044,-0.039,-0.04
,-0.029,,,,,,,,-0.045,-0.04,-0.037
,-0.019,,,,,,,,-0.045,-0.039,-0.034
,-0.018,,,,,,,,-0.05,-0.04,-0.035
,-0.009,,,,,,,,-0.049,-0.039,-0.034
,-0.007,,,,,,,,-0.05,-0.04,-0.035
,0.001,,,,,,,,-0.049,-0.039,-0.034
,-0.013,,,,,,,,-0.05,-0.04,-0.035
,-0.043,,,,,,,,-0.049,-0.039,-0.034
,-0.061,,,,,,,,-0.05,-0.04,-0.035
,-0.047,,,,,,,,-0.049,-0.04,-0.034
,-0.051,,,,,,,,-0.05,-0.045,-0.035
,-0.04,,,,,,,,-0.048,-0.044,-0.034
,-0.043,,,,,,,,-0.051,-0.045,-0.035
,-0.031,,,,,,,,-0.048,-0.048,-0.033
,-0.036,,,,,,,,-0.052,-0.051,-0.039
,-0.016,,,,,,,,-0.047,-0.046,-0.041
,-0.033,,,,,,,,-0.083,-0.076,-0.064
,-0.063,,,,,,,,-0.125,-0.132,-0.094
,-0.056,,,,,,,,-0.087,-0.094,-0.065
,-0.04,,,,,,,,0.072,0.017,-0.045
,0.008,,,,,,,,0.356,0.206,0.028
,0.062,,,,,,,,0.631,0.386,0.138
,0.092,,,,,,,,0.998,0.637,0.272
,0.355,,,,,,,,1.501,1.069,0.564
,0.503,,,,,,,,1.727,1.319,0.775
,0.422,,,,,,,,1.387,1.144,0.752
,0.333,,,,,,,,0.824,0.794,0.664
,0.292,,,,,,,,-0.007,0.275,0.494
,0.213,,,,,,,,-0.821,-0.216,0.282
,0.117,,,,,,,,-1.011,-0.401,0.143
,0.087,,,,,,,,-0.912,-0.382,0.056
,0.074,,,,,,,,-0.722,-0.353,-0.02
,0.078,,,,,,,,-0.533,-0.299,-0.043
,0.067,,,,,,,,-0.348,-0.192,-0.045
,0.069,,,,,,,,-0.218,-0.12,-0.044
,0.059,,,,,,,,-0.165,-0.101,-0.045
,0.057,,,,,,,,-0.154,-0.107,-0.048
,-0.021,,,,,,,,-0.144,-0.103,-0.061
,-0.068,,,,,,,,-0.132,-0.106,-0.08
,-0.053,,,,,,,,-0.127,-0.1,-0.086
,-0.026,,,,,,,,-0.124,-0.1,-0.084
,-0.078,,,,,,,,-0.121,-0.099,-0.085
,-0.07,,,,,,,,-0.119,-0.1,-0.084
,-0.033,,,,,,,,-0.116,-0.097,-0.085
,-0.039,,,,,,,,-0.113,-0.094,-0.083
,-0.043,,,,,,,,-0.11,-0.094,-0.087
,-0.019,,,,,,,,-0.108,-0.095,-0.089
,-0.048,,,,,,,,-0.105,-0.095,-0.09
,-0.07,,,,,,,,-0.103,-0.093,-0.089
,-0.062,,,,,,,,-0.1,-0.088,-0.09
,-0.066,,,,,,,,-0.098,-0.085,-0.089
,-0.063,,,,,,,,-0.093,-0.083,-0.09
,-0.075,,,,,,,,-0.09,-0.079,-0.086
,-0.094,,,,,,,,-0.084,-0.075,-0.085
,-0.086,,,,,,,,-0.085,-0.074,-0.081
,-0.075,,,,,,,,-0.079,-0.07,-0.079
,-0.064,,,,,,,,-0.076,-0.065,-0.076
,-0.06,,,,,,,,-0.071,-0.065,-0.074
,-0.073,,,,,,,,-0.07,-0.06,-0.07
,-0.076,,,,,,,,-0.063,-0.059,-0.069
,-0.054,,,,,,,,-0.052,-0.052,-0.065
,-0.037,,,,,,,,-0.041,-0.046,-0.063
,-0.018,,,,,,,,-0.031,-0.041,-0.06
,-0.041,,,,,,,,-0.02,-0.035,-0.058
,-0.039,,,,,,,,-0.009,-0.031,-0.054
,-0.038,,,,,,,,0.001,-0.024,-0.053
,-0.033,,,,,,,,0.01,-0.021,-0.049
,-0.034,,,,,,,,0.015,-0.019,-0.051
,-0.025,,,,,,,,0.039,-0.015,-0.044
,-0.038,,,,,,,,0.046,-0.015,-0.045
,-0.062,,,,,,,,0.044,-0.013,-0.042
,-0.022,,,,,,,,0.045,-0.009,-0.04
,-0.059,,,,,,,,0.044,-0.01,-0.037
,-0.052,,,,,,,,0.045,-0.005,-0.034
,-0.056,,,,,,,,0.044,-0.004,-0.034
,-0.054,,,,,,,,0.045,0.0,-0.029
,-0.043,,,,,,,,0.044,0.0,-0.03
,-0.021,,,,,,,,0.045,0.003,-0.026
,-0.01,,,,,,,,0.044,0.004,-0.024
,0.014,,,,,,,,0.045,0.006,-0.021
,0.061,,,,,,,,0.049,0.025,-0.019
,0.055,,,,,,,,0.053,0.024,-0.016
,0.052,,,,,,,,0.057,0.025,-0.014
,0.048,,,,,,,,0.061,0.023,-0.013
,0.044,,,,,,,,0.07,0.033,-0.008
,0.038,,,,,,,,0.083,0.048,-0.01
,0.033,,,,,,,,0.077,0.043,-0.009
,0.03,,,,,,,,0.075,0.045,-0.01
,0.025,,,,,,,,0.073,0.044,-0.004
,0.021,,,,,,,,0.069,0.042,-0.005
,0.012,,,,,,,,0.064,0.039,-0.004
,0.005,,,,,,,,0.064,0.04,-0.005
,-0.001,,,,,,,,0.059,0.039,-0.001
,-0.019,,,,,,,,0.055,0.036,0.0
,-0.011,,,,,,,,0.053,0.034,0.0
,0.002,,,,,,,,0.05,0.035,0.0
,0.013,,,,,,,,0.048,0.033,0.0
,0.019,,,,,,,,0.034,0.022,-0.003
,0.007,,,,,,,,0.017,0.009,-0.009
,0.003,,,,,,,,0.002,-0.001,-0.012
,-0.01,,,,,,,,-0.014,-0.014,-0.017
,-0.005,,,,,,,,-0.025,-0.029,-0.023
,-0.032,,,,,,,,-0.038,-0.043,-0.028
,-0.044,,,,,,,,-0.044,-0.04,-0.029
,-0.025,,,,,,,,-0.045,-0.04,-0.024
,-0.016,,,,,,,,-0.044,-0.039,-0.025
,-0.007,,,,,,,,-0.049,-0.04,-0.024
,-0.07,,,,,,,,-0.049,-0.039,-0.025
,-0.077,,,,,,,,-0.05,-0.04,-0.024
,-0.064,,,,,,,,-0.046,-0.039,-0.025
,-0.053,,,,,,,,-0.044,-0.04,-0.024
,-0.045,,,,,,,,-0.044,-0.039,-0.025
,-0.05,,,,,,,,-0.045,-0.04,-0.024
,-0.049,,,,,,,,-0.044,-0.039,-0.025
,-0.05,,,,,,,,-0.045,-0.04,-0.024
,-0.054,,,,,,,,-0.044,-0.039,-0.026
,-0.055,,,,,,,,-0.041,-0.039,-0.023
,-0.054,,,,,,,,-0.039,-0.034,-0.034
,-0.049,,,,,,,,-0.04,-0.035,-0.036
,-0.041,,,,,,,,-0.039,-0.034,-0.034
,-0.038,,,,,,,,-0.04,-0.035,-0.035
,-0.03,,,,,,,,-0.039,-0.034,-0.035
,-0.027,,,,,,,,-0.04,-0.035,-0.031
,-0.019,,,,,,,,-0.035,-0.034,-0.029
,-0.017,,,,,,,,-0.035,-0.035,-0.03
,-0.006,,,,,,,,-0.034,-0.034,-0.03
,-0.003,,,,,,,,-0.035,-0.035,-0.029
,-0.011,,,,,,,,-0.034,-0.034,-0.024
,-0.027,,,,,,,,-0.035,-0.035,-0.025
,-0.022,,,,,,,,-0.034,-0.034,-0.024
,-0.012,,,,,,,,-0.035,-0.035,-0.024
,-0.005,,,,,,,,-0.034,-0.034,-0.025
,0.003,,,,,,,,-0.036,-0.035,-0.03
,-0.01,,,,,,,,-0.033,-0.033,-0.029
,-0.044,,,,,,,,-0.036,-0.036,-0.03
,-0.046,,,,,,,,-0.033,-0.033,-0.029
,-0.043,,,,,,,,-0.036,-0.036,-0.03
,-0.039,,,,,,,,-0.033,-0.033,-0.029
,-0.04,,,,,,,,-0.037,-0.037,-0.03
,-0.036,,,,,,,,-0.031,-0.031,-0.029
,-0.034,,,,,,,,-0.049,-0.046,-0.032
,-0.031,,,,,,,,-0.079,-0.065,-0.041
,-0.029,,,,,,,,-0.102,-0.101,-0.082
,-0.034,,,,,,,,-0.075,-0.081,-0.083
,-0.04,,,,,,,,0.055,0.01,-0.037
,-0.018,,,,,,,,0.328,0.198,0.04
,-0.005,,,,,,,,0.601,0.363,0.129
,0.128,,,,,,,,0.996,0.64,0.269
,0.338,,,,,,,,1.503,1.067,0.565
,0.481,,,,,,,,1.688,1.282,0.762
,0.373,,,,,,,,1.322,1.088,0.737
,0.298,,,,,,,,0.75,0.711,0.632
,0.25,,,,,,,,-0.051,0.224,0.459
,0.171,,,,,,,,-0.849,-0.25,0.263
,0.069,,,,,,,,-1.025,-0.415,0.132
,0.048,,,,,,,,-0.919,-0.43,0.057
,0.048,,,,,,,,-0.704,-0.369,0.041
,0.069,,,,,,,,-0.51,-0.264,0.022
,0.072,,,,,,,,-0.345,-0.173,0.01
,0.042,,,,,,,,-0.228,-0.117,-0.017
,0.027,,,,,,,,-0.153,-0.102,-0.037
,0.001,,,,,,,,-0.146,-0.106,-0.034
,-0.008,,,,,,,,-0.129,-0.104,-0.027
,-0.03,,,,,,,,-0.121,-0.101,-0.043
,-0.038,,,,,,,,-0.109,-0.099,-0.067
,-0.066,,,,,,,,-0.111,-0.1,-0.063
,-0.083,,,,,,,,-0.104,-0.098,-0.065
,-0.078,,,,,,,,-0.105,-0.095,-0.064
,-0.08,,,,,,,,-0.099,-0.094,-0.065
,-0.079,,,,,,,,-0.099,-0.094,-0.068
,-0.08,,,,,,,,-0.094,-0.089,-0.075
,-0.079,,,,,,,,-0.094,-0.09,-0.075
,-0.08,,,,,,,,-0.089,-0.089,-0.08
,-0.079,,,,,,,,-0.089,-0.088,-0.077
,-0.08,,,,,,,,-0.084,-0.084,-0.074
,-0.079,,,,,,,,-0.084,-0.085,-0.075
,-0.08,,,,,,,,-0.078,-0.08,-0.074
,-0.079,,,,,,,,-0.081,-0.08,-0.075
,-0.08,,,,,,,,-0.074,-0.078,-0.074
,-0.079,,,,,,,,-0.073,-0.074,-0.075
,-0.075,,,,,,,,-0.066,-0.075,-0.073
,-0.07,,,,,,,,-0.065,-0.074,-0.069
,-0.067,,,,,,,,-0.058,-0.069,-0.07
,-0.062,,,,,,,,-0.057,-0.07,-0.069
,-0.059,,,,,,,,-0.049,-0.066,-0.07
,-0.054,,,,,,,,-0.045,-0.064,-0.069
,-0.051,,,,,,,,-0.039,-0.065,-0.07
,-0.049,,,,,,,,-0.035,-0.061,-0.066
,-0.046,,,,,,,,-0.024,-0.055,-0.064
,-0.04,,,,,,,,-0.015,-0.051,-0.062
,-0.039,,,,,,,,-0.007,-0.044,-0.059
,-0.031,,,,,,,,0.0,-0.042,-0.059
,-0.052,,,,,,,,0.013,-0.036,-0.054
,-0.063,,,,,,,,0.02,-0.035,-0.055
,-0.058,,,,,,,,0.03,-0.031,-0.051
,-0.055,,,,,,,,0.032,-0.029,-0.05
,-0.053,,,,,,,,0.029,-0.026,-0.045
,-0.05,,,,,,,,0.03,-0.024,-0.045
,-0.05,,,,,,,,0.03,-0.02,-0.043
,-0.046,,,,,,,,0.029,-0.019,-0.039
,-0.042,,,,,,,,0.024,-0.015,-0.04
,-0.039,,,,,,,,0.024,-0.01,-0.036
,-0.038,,,,,,,,0.024,-0.007,-0.032
,-0.031,,,,,,,,0.024,-0.003,-0.028
,-0.031,,,,,,,,0.027,0.0,-0.024
,-0.027,,,,,,,,0.04,0.004,-0.02
,-0.021,,,,,,,,0.049,0.008,-0.015
,-0.015,,,,,,,,0.053,0.012,-0.012
,-0.015,,,,,,,,0.055,0.017,-0.007
,-0.003,,,,,,,,0.055,0.032,-0.004
,-0.006,,,,,,,,0.053,0.022,0.001
,0.01,,,,,,,,0.074,0.036,0.009
,0.023,,,,,,,,0.095,0.047,0.018
,0.022,,,,,,,,0.086,0.055,0.023
,0.053,,,,,,,,0.085,0.055,0.018
,0.034,,,,,,,,0.079,0.049,0.015
,0.028,,,,,,,,0.077,0.046,0.011
,0.014,,,,,,,,0.071,0.041,0.006
,0.006,,,,,,,,0.069,0.038,0.004
,-0.008,,,,,,,,0.06,0.033,0.002
,-0.018,,,,,,,,0.053,0.03,-0.002
,-0.03,,,,,,,,0.045,0.026,-0.005
,-0.021,,,,,,,,0.039,0.019,-0.01
,-0.015,,,,,,,,0.023,0.007,-0.014
,-0.004,,,,,,,,0.012,0.001,-0.016
,-0.01,,,,,,,,-0.003,-0.007,-0.021
,-0.031,,,,,,,,-0.013,-0.018,-0.027
,-0.043,,,,,,,,-0.032,-0.031,-0.031
,-0.075,,,,,,,,-0.046,-0.042,-0.041
,-0.082,,,,,,,,-0.059,-0.054,-0.053
,-0.057,,,,,,,,-0.053,-0.049,-0.048
,-0.039,,,,,,,,-0.055,-0.05,-0.051
,-0.018,,,,,,,,-0.048,-0.046,-0.046
,-0.034,,,,,,,,-0.051,-0.044,-0.044
,-0.089,,,,,,,,-0.045,-0.044,-0.045
,-0.11,,,,,,,,-0.046,-0.039,-0.044
,-0.039,,,,,,,,-0.043,-0.039,-0.041
,-0.027,,,,,,,,-0.04,-0.04,-0.039
,-0.047,,,,,,,,-0.037,-0.035,-0.04
,-0.09,,,,,,,,-0.035,-0.035,-0.036
,-0.089,,,,,,,,-0.034,-0.033,-0.034
,-0.079,,,,,,,,-0.031,-0.029,-0.035
,-0.071,,,,,,,,-0.028,-0.03,-0.035
,-0.064,,,,,,,,-0.032,-0.029,-0.03
,-0.058,,,,,,,,-0.033,-0.03,-0.029
,-0.06,,,,,,,,-0.037,-0.029,-0.029
,-0.05,,,,,,,,-0.039,-0.03,-0.03
,-0.072,,,,,,,,-0.043,-0.029,-0.026
,-0.071,,,,,,,,-0.045,-0.03,-0.024
,-0.05,,,,,,,,-0.045,-0.029,-0.025
,-0.031,,,,,,,,-0.044,-0.03,-0.024
,-0.016,,,,,,,,-0.045,-0.029,-0.024
,-0.039,,,,,,,,-0.044,-0.03,-0.019
,-0.05,,,,,,,,-0.045,-0.029,-0.02
,-0.049,,,,,,,,-0.044,-0.03,-0.019
,-0.05,,,,,,,,-0.045,-0.029,-0.019
,-0.049,,,,,,,,-0.044,-0.03,-0.02
,-0.044,,,,,,,,-0.045,-0.026,-0.025
,-0.044,,,,,,,,-0.044,-0.024,-0.024
,-0.039,,,,,,,,-0.045,-0.025,-0.028
,-0.039,,,,,,,,-0.044,-0.024,-0.03
,-0.032,,,,,,,,-0.049,-0.024,-0.029
,-0.038,,,,,,,,-0.049,-0.025,-0.033
,-0.018,,,,,,,,-0.054,-0.024,-0.035
,-0.04,,,,,,,,-0.055,-0.025,-0.034
,-0.081,,,,,,,,-0.06,-0.024,-0.036
,-0.068,,,,,,,,-0.06,-0.021,-0.042
,-0.069,,,,,,,,-0.063,-0.051,-0.043
,-0.062,,,,,,,,-0.115,-0.106,-0.077
,-0.057,,,,,,,,-0.118,-0.113,-0.094
,-0.051,,,,,,,,-0.023,-0.049,-0.056
,-0.047,,,,,,,,0.161,0.086,-0.009
,0.005,,,,,,,,0.433,0.27,0.077
,0.043,,,,,,,,0.726,0.454,0.158
,0.172,,,,,,,,1.212,0.808,0.381
,0.431,,,,,,,,1.616,1.179,0.652
,0.443,,,,,,,,1.557,1.214,0.74
,0.338,,,,,,,,1.06,0.921,0.665
,0.263,,,,,,,,0.446,0.516,0.549
,0.22,,,,,,,,-0.429,-0.012,0.347
,0.141,,,,,,,,-0.98,-0.358,0.18
,0.055,,,,,,,,-0.962,-0.395,0.086
,0.01,,,,,,,,-0.826,-0.372,-0.013
,-0.008,,,,,,,,-0.619,-0.339,-0.059
,0.009,,,,,,,,-0.425,-0.223,-0.053
,0.016,,,,,,,,-0.283,-0.153,-0.056
,0.039,,,,,,,,-0.181,-0.122,-0.053
,0.016,,,,,,,,-0.124,-0.11,-0.05
,-0.035,,,,,,,,-0.109,-0.091,-0.049
,-0.049,,,,,,,,-0.11,-0.081,-0.05
,-0.056,,,,,,,,-0.109,-0.079,-0.049
,-0.053,,,,,,,,-0.109,-0.08,-0.05
,-0.055,,,,,,,,-0.11,-0.079,-0.049
,-0.054,,,,,,,,-0.11,-0.08,-0.05
,-0.055,,,,,,,,-0.109,-0.079,-0.049
,-0.054,,,,,,,,-0.11,-0.08,-0.05
,-0.055,,,,,,,,-0.109,-0.079,-0.049
,-0.054,,,,,,,,-0.11,-0.08,-0.05
,-0.055,,,,,,,,-0.109,-0.079,-0.049
,-0.054,,,,,,,,-0.11,-0.08,-0.05
,-0.055,,,,,,,,-0.109,-0.079,-0.049
,-0.054,,,,,,,,-0.11,-0.08,-0.05
,-0.055,,,,,,,,-0.109,-0.079,-0.049
,-0.054,,,,,,,,-0.11,-0.08,-0.05
,-0.055,,,,,,,,-0.109,-0.079,-0.049
,-0.054,,,,,,,,-0.11,-0.08,-0.05
,-0.055,,,,,,,,-0.109,-0.079,-0.049
,-0.054,,,,,,,,-0.11,-0.08,-0.05
,-0.055,,,,,,,,-0.109,-0.079,-0.049
,-0.054,,,,,,,,-0.11,-0.08,-0.05
,-0.055,,,,,,,,-0.109,-0.079,-0.049
,-0.054,,,,,,,,-0.111,-0.08,-0.05
,-0.055,,,,,,,,-0.108,-0.078,-0.049
,-0.054,,,,,,,,-0.111,-0.081,-0.05
,-0.056,,,,,,,,-0.107,-0.078,-0.048
,-0.052,,,,,,,,-0.115,-0.082,-0.051
